37,13,40,1939
38,96,,649
39,8,6,240
40,50,20,2000
41,8,26,1080
41,96,16,160
42,96,20,4477
43,96,15,1931
44,96,20,192
45,96,,4406
46,21,10,250
47,56,118,4988
47,75,125,3375
47,78,197,4925
48,96,4,36.5
49,96,1,56
50,96,1,100
51,8,6,240
51,96,1,280
52,32,20,471
52,36,40,1194
52,38,40,1581
52,125,24,432
52,126,24,288
52,127,44,1936
54,8,5,200
55,27,24,1008
55,36,10,290
55,37,38,1125
55,38,25,990
55,111,219,876
55,113,54,918
55,114,95,1710
55,115,28,392
56,32,12,392
56,36,10,982
57,96,1,10
58,32,36,495
58,38,30,1196
58,95,28,672
59,49,25,1250
59,50,30,1500
59,102,4,112
60,1,48,1968
60,32,17,490
60,33,21,441
60,34,20,600
60,35,59,1593
60,36,30,1194
60,37,30,1188
60,38,30,1143
60,43,6,120
60,128,2,10
61,49,12,600
61,50,6,300
61,51,10,500
62,65,210,630
62,68,320,320
63,1,41,1681
63,32,10,459
63,35,6,162
63,37,10,914
63,38,10,1031
63,64,12,264
63,67,80,720
64,6,18,270
64,36,10,903
64,37,10,996
64,38,10,961
65,13,2,4600
65,26,42,630
65,69,13,507
66,21,2,3237
67,44,69,345
67,47,19,247
67,95,24,552
67,97,3,72
68,54,155,1983.8
68,73,174,3984.6
68,120,28,756
68,121,128,5632
69,107,48,2112
70,107,92,2576
71,55,50,1400
71,77,101,4949
71,81,222,3441
71,117,187,4955.5
71,130,156,4173
72,55,49,1372
72,75,62,1674
72,79,98,2450
72,82,73,3212
72,109,59,1662
72,131,86,1857
73,110,52,1352
74,93,70,2730
75,75,57,2565
75,98,97,2570
76,75,188,5076
76,99,89,2403
76,100,44,1408
76,132,10,828
77,71,94,2538
77,72,64,1728
77,82,110,4840
77,92,118,3274.5
78,96,5,325
80,134,44,1166
81,56,116,4988
81,75,125,3375
81,78,197,4925
82,118,10,160
83,96,1,10
84,8,67,2680
85,21,3,140
86,96,15,538
87,96,1,14
88,21,4,270
88,108,35,1143
89,8,25,2640
90,96,5,112
91,8,25,1480
92,96,1,684
93,22,2,360
94,96,10,1808
95,96,10,340
96,13,10,34800
97,8,20,1080
98,96,50,2479
99,96,1,23
100,8,20,640
101,96,1,30
102,13,2,57
103,8,6,240
104,96,1,100
105,8,8,320
105,96,10,661
106,13,1,34
107,96,1,29
108,112,10,532
109,8,60,2431
109,13,6,220
110,96,1,37
111,8,4,160
111,13,5,149
112,96,10,69
113,8,16,640
113,13,1,15
114,22,1,200
115,13,3,95
116,13,2,65
117,8,215,860
118,8,18,726
119,8,18,726
120,13,,6000
121,13,3,53
122,96,,1177
123,8,13,520
124,8,12,480
124,21,0,10
125,8,8,480
126,96,,327
127,8,5,200
128,96,,306
129,13,1,35
130,13,2,53
131,96,,91
132,96,,2458
133,96,,53
134,96,,115
135,96,2,47
136,96,,10986
137,96,,147
138,96,,7504
139,96,,258
140,96,1,56
141,96,,237
142,8,25,1000
143,8,,1185
144,8,,2852
145,96,,98
146,96,,1980
147,96,,104
148,96,,576
149,96,,72
150,96,,11115
151,96,,170
152,96,,72
153,96,,62
154,96,,40
155,96,1,20
156,96,,258
157,13,,2000
158,8,29,1160
159,8,23,920
160,8,8,320
161,96,,220
162,96,,218
163,96,,401
164,96,,88
165,96,,2969
166,96,,250
167,96,,51
168,96,,445
169,8,45,1800
169,19,,695
170,8,21,860
171,112,,135
172,13,,1750
173,96,,57
174,96,,980
175,8,10,400
176,96,1,29
177,96,,217
178,96,,4406
179,96,1,80
180,96,1,1160
181,96,1,305
182,49,3,150
182,50,15,750
182,51,10,500
182,96,8,120
182,135,5,90
182,136,8,240
183,96,1,37
184,96,20,375
185,26,15,240
185,32,,536
185,36,,1175
185,37,,1148
185,108,4,120
186,92,65,1657.5
186,137,177,4956
187,96,5,175
188,96,20,1097
190,139,588,9694
191,142,79,3792
192,143,10,380
193,96,1,510
194,8,35,1400
195,13,25,2100
195,32,18,540
195,36,39,1170
195,37,39,1170
195,38,40,1086
196,26,20,320
196,32,30,540
196,36,30,1170
196,38,18,630
196,145,20,460
196,146,50,1000
196,147,50,650
197,55,405,8302.5
197,148,177,4956
198,96,1,77
199,8,13,520
199,21,3,75
200,96,1,38
202,151,50,1975
203,150,58,2349
204,96,5,250
205,96,1,37
206,8,5,200
207,96,1,52
208,32,30,540
209,153,78,1170
210,152,65,2587.5
211,8,3,120
213,45,,15927
214,36,30,1170
215,152,55,2172
215,154,101,2727
216,96,1,38
217,152,65,2587.5
218,96,1,12005
219,157,101,5252
220,32,30,540
221,35,9,108
221,159,11,176
222,96,27,18
223,8,6,240
224,93,69,2691
225,96,2,1660
226,96,4,66
227,96,5,151
228,8,15,229
229,8,20,520
230,8,12,480
231,173,25,1250
232,49,20,1000
232,50,15,750
232,51,6,300
232,52,260,360
232,171,12,120
232,172,12,384
233,8,11,440
234,99,59,1711
234,105,65,3380
234,160,50,1250
234,167,147,1764
234,354,156,4212
236,48,24,792
236,174,9,254
237,35,58,696
237,175,133,2394
237,176,65,260
238,128,8,34
239,8,18,720
239,96,25,824
240,27,2,70
240,177,2,28
241,33,12,144
241,52,48,1152
241,63,4,192
241,102,24,576
241,143,10,120
241,178,25,600
241,179,20,240
241,180,10,120
241,181,3,36
241,182,12,144
241,183,16,192
241,184,10,240
241,185,10,120
241,186,10,120
241,187,5,120
241,188,11,264
241,189,12,288
242,81,223,3456.5
242,166,71,1562
242,167,200,4587
243,56,116,4988
243,74,125,3375
243,82,128,5632
243,120,84,2184
243,161,37,1295
244,8,25,1000
245,190,50,750
246,96,2,33
247,130,187,5049
247,191,96,1440
248,163,78,2028
249,36,30,1170
249,37,39,858
249,38,35,280
249,147,20,260
249,192,80,1680
249,193,3,66
250,173,6,11200
251,8,10,400
252,8,10,400
253,96,1,16
254,8,6,240
255,154,25,875
255,157,51,2652
257,195,9,360
258,19,16,288
259,96,5,2090
260,13,2,120
261,13,2,100
262,32,32,576
262,36,27,1053
262,37,27,1053
262,197,4,28
262,198,4,28
262,199,4,16
262,200,30,480
262,201,210,2520
263,8,4,200
264,171,227,5902
265,96,1,5
266,13,4,117
267,8,5,200
267,96,10,460
268,96,3,105
269,96,1,5
270,13,4,80
271,96,1,40
272,96,7,140
273,81,167,2588.5
273,191,211,3165
273,202,111,4884
274,13,2,37
275,22,28,504
276,13,2,47
277,13,2,90
278,8,18,720
279,8,34,1360
280,25,6,60
281,96,20,520
282,13,3,100
283,36,7,273
283,37,30,1170
283,38,23,805
283,69,50,1800
283,200,45,720
283,203,60,540
285,204,5,90
286,157,20,1040
287,157,25,1300
288,13,4,95
289,8,14,560
290,96,1,15
291,96,10,350
292,13,3,55
293,96,1,7
294,13,4,122
295,13,5,97
296,96,2,43
297,59,501,13527
297,73,104,2173.6
297,191,211,3165
298,206,148,1998
299,207,20,1080
301,49,10,500
301,50,10,500
301,51,10,500
301,63,20,280
302,26,20,280
302,32,20,360
302,36,25,975
302,37,39,741
302,47,20,100
302,113,15,255
302,222,126,126
303,13,3,50
304,96,1,25
305,96,7,4750
306,96,1,600
307,96,1,50
308,224,9,126
309,96,1,382
310,96,1,285
311,96,3,140
312,96,4,180
313,96,4,45
314,96,3,60
315,96,5,120
316,96,3,45
317,116,100,5000
318,49,10,500
318,50,10,500
318,51,10,500
318,63,22,1056
318,102,8,192
318,171,10,135
318,172,,360
319,99,60,1620
319,191,150,2250
319,225,60,1590
320,96,10,384
321,96,5,63
322,96,5,105
323,96,50,435
324,32,30,900
324,36,30,1170
324,37,30,1170
324,38,30,1050
324,46,19,95
324,226,27,1080
324,227,23,696
324,228,23,580
325,96,2,590
326,96,2,30
327,96,2,1297
328,96,4,97
329,96,5,80
330,96,1,62
331,96,10,945
332,96,1,210
333,96,1,100
334,96,5,400
335,96,6,404
336,96,10,285
337,96,1,62
338,96,1,80
339,96,1,120
340,96,1,95
341,96,1,150
342,96,1,483
343,32,30,540
343,36,30,1170
343,37,10,390
345,134,50,1325
346,229,50,1600
347,96,1,160
348,96,1,170
349,96,1,30
350,96,1,275
351,96,1,157
352,96,1,297
353,96,1,60
354,96,1,20
355,96,1,900
356,96,1,54
357,96,1,280
358,96,1,50
359,96,1,310
360,96,1,735
361,96,1,200
362,96,1,495
363,96,1,285
364,96,1,490
366,96,1,59
367,96,2,1500
369,21,20,460
369,32,30,540
369,36,30,1170
369,37,30,1170
369,38,18,630
369,196,20,800
370,96,1,384
371,222,12,312
372,72,50,1350
372,105,52,2704
372,120,50,1300
372,137,65,1690
372,237,29,783
372,238,65,1690
373,96,1,197
374,96,1,176
375,96,1,722
376,96,1,47
377,32,30,510
377,36,30,1170
377,38,30,1050
377,145,25,350
377,226,38,912
380,239,50,1350
381,242,20,640
382,96,1,83
383,96,1,331
384,37,9,351
384,38,29,1131
384,90,50,300
384,201,92,1104
384,244,9,153
384,245,9,153
385,150,49,1984.5
386,26,9,108
386,49,24,1200
386,50,24,1200
386,51,20,1000
386,52,9,72
386,230,20,315
387,246,25,600
387,247,10,1000
388,96,1,47
389,108,20,500
392,54,200,3860
392,81,333,5161.5
392,82,60,2640
392,248,30,810
393,96,1,67
394,96,1,25
395,96,1,590
396,32,30,540
396,36,30,1170
396,37,30,1170
396,38,60,2100
396,249,90,1710
396,250,10,40
397,49,20,1000
397,50,10,500
397,63,25,350
397,102,6,168
397,171,10,150
397,230,10,190
398,79,197,4925
398,117,188,4982
398,137,65,1690
398,225,44,1144
399,96,1,25
400,32,17,289
400,36,60,2340
401,96,5,20
401,251,12,60
401,252,79,1501
401,253,72,1008
401,254,10,30
402,96,2,1371
404,262,9,198
405,96,1,35
406,96,1,178
407,96,1,239
408,96,1,350
409,21,1,833
410,96,1,34
411,96,1,228
412,60,130,3510
412,202,128,5632
412,294,30,780
412,295,178,4717
412,296,72,2464
412,297,29,769
421,96,1,104
422,96,1,631
423,96,1,220
424,96,1,28
425,96,10,2000
426,104,30,1260
426,239,91,2275
427,325,64,2688
428,38,30,1050
429,96,5,589
430,96,20,10359
431,77,40,1960
431,96,1,1
431,238,30,780
432,328,130,3900
433,52,5,120
433,63,50,650
433,329,12,168
433,330,10,190
435,96,4,97
436,96,1,1039
437,96,1,71
438,96,1,72
439,96,1,150
440,96,1,589
441,96,1,10
442,96,1,20
443,96,1,3664
444,96,1,100
445,96,1,20
446,96,1,60
447,96,1,81
448,96,1,89
449,96,1,96
450,96,3,198
451,96,1,51
452,78,65,1625
452,81,222,3441
452,103,128,5632
452,120,25,650
453,27,93,5
454,32,5,96
454,37,40,1560
454,38,30,1050
454,168,7,70
455,331,87,957
456,27,4,148
456,49,25,1250
456,50,30,1500
456,102,25,700
457,19,182,3640
458,96,1,518
459,96,1,720
460,96,1,17
461,96,1,472
462,96,1,700
463,96,1,43
464,323,20,180
466,173,252,12600
467,96,1,1701
468,96,1,15
469,96,1,25
470,96,1,8
472,96,1,107
473,96,1,61
474,32,60,1080
474,37,30,1170
474,38,30,1050
475,32,30,510
475,37,30,1170
475,194,10,50
476,13,10,200
477,226,32,768
478,26,5,85
478,35,5,210
478,233,3,117
479,96,1,11
480,96,1,34
481,13,5,123
483,96,12,172
484,13,3,52
485,32,30,510
485,37,30,1170
486,55,60,1200
486,57,12,480
487,335,60,1800
488,96,1,27
491,55,100,2020
491,73,104,2381.6
491,74,94,2538
491,75,62,1674
491,237,57,1596
492,32,60,1020
492,37,60,2340
492,38,30,1050
493,63,6,288
493,128,14,140
494,112,3,75
494,343,6,300
494,344,6,150
495,96,1,35
496,96,2,60
497,13,4,65
498,96,1,49
499,96,10,564
500,13,3,65
501,1,194,7372
502,96,1,24
503,13,3,53
504,96,1,147
505,96,25,620
506,173,47,2068
507,27,7,287.5
507,242,73,766.5
508,25,1,85
509,332,70,1400
510,346,70,1400
511,56,96,4128
512,348,45,1620
513,13,8,650
514,39,2,37
514,51,15,750
514,52,10,240
514,63,50,650
514,128,6,24
514,330,16,304
514,345,4,76
516,13,4,78
517,96,1,6
518,13,6,85
519,96,1,83
520,96,1,34
521,96,1,35
522,13,8,650
523,96,1,90
524,96,1,26
525,96,,13341
526,96,1,130
527,13,7,153
528,96,1,7
529,13,28,1680
530,13,24,1440
531,96,11,260
532,352,30,675
533,116,260,5200
534,26,60,600
534,38,36,1260
535,356,15,188
535,357,18,252
536,13,6,124
537,96,5,153
538,96,1,56
540,13,1,20
540,96,5,260
541,96,1,52
542,96,1,1635
543,96,40,1596
544,96,1,1831
545,96,7,154
546,96,1,39
547,96,8,2406
548,96,1,82
549,96,1,390
550,32,30,720
550,36,30,1170
551,359,36,720
551,360,15,225
551,361,30,570
552,96,1,484
553,96,1,76
554,96,1,42
555,96,1,73
556,96,1,36
557,96,1,624
558,96,1,62
559,26,12,192
559,39,2,32
559,49,15,750
559,50,10,500
559,51,15,750
559,189,6,130
559,246,8,216
559,330,12,228
561,71,125,3375
561,91,50,1300
561,362,156,4212
561,363,64,2368
562,96,1,958
563,96,1,372
564,96,1,986
565,96,1,56
566,96,1,491
567,96,1,556
568,8,30,750
569,96,1,113
570,96,1,264
571,96,1,205
572,96,2,1360
573,96,1,140
574,96,1,90
575,96,1,448
576,96,3,3348
577,96,1,1248
579,13,4,60
580,66,88,2836
581,96,30,600
582,96,1,157
583,96,1,21
584,96,5,2965
585,96,1,437
586,194,36,736
587,96,1,28
588,96,1,319
589,96,1,3906
590,32,30,510
590,36,30,1170
590,37,30,2340
590,38,60,2100
591,367,1,288
592,32,60,1020
592,36,30,1170
592,37,60,2340
594,74,140,3780
594,79,164,4100
594,81,222,3441
594,117,156,4212
594,120,70,1820
594,296,74,2072
595,96,1,19
596,96,1,78
597,96,1,58
598,96,1,61
599,96,5,820
600,96,1,38
601,96,1,43
602,96,2,238
603,21,2,2200
604,96,1,97
605,96,1,35
606,96,10,1030
607,96,1,40
608,96,10,4744
609,96,1,12
610,358,4,437
611,13,60,4700
611,21,2,2200
611,96,3,717
613,36,30,1170
613,37,30,1170
613,369,24,480
613,370,50,900
613,371,50,550
613,372,30,180
613,373,53,159
613,374,40,400
615,96,1,239
616,96,1,60
617,96,5,234
619,76,48,2496
619,81,222,3441
619,130,156,4212
619,202,111,4884
620,377,156,4212
621,96,4,43
622,96,5,552
623,96,1,22
624,96,5,416
625,96,5,317
626,96,1,57
627,96,1,38
629,378,25,82
630,96,4,214
631,96,5,192
632,96,1,31
633,32,30,510
633,36,16,624
633,38,30,1050
633,48,50,1000
633,331,25,275
633,370,45,810
633,379,25,275
633,380,197,788
635,51,10,500
636,358,12,168
637,25,26,421
637,50,1,50
637,108,4,35
637,193,2,100
637,343,2,50
638,96,2,38
640,49,26,1300
640,50,26,1300
640,52,10,240
640,63,30,420
640,193,10,500
640,246,10,270
640,330,20,380
640,375,2,64
640,376,42,924
651,76,114,5928
651,77,101,4949
651,91,64,1664
651,160,171,2437
651,383,336,4032
652,32,60,1020
652,36,30,1170
652,38,30,1050
652,384,16,432
652,385,60,600
652,386,60,1140
652,387,130,390
652,388,12,72
652,389,12,72
653,42,10,120
653,108,23,675
653,168,3,72
653,170,34,838
653,230,17,315
653,234,36,1070
653,243,2,50
653,301,24,359
653,302,40,1082
653,303,8,53
653,308,78,1718
653,334,1,9
653,340,1,31
654,96,,12261
655,96,,1420
656,234,20,365
657,27,10,500
658,96,2,49
659,96,1,46
660,96,1,90
661,96,1,26
662,96,1,528
663,96,1,235
664,60,152,4104
664,92,144,4032
664,120,68,1768
664,391,207,3933
665,32,46,782
665,38,90,3150
665,331,40,440
665,390,7,147
667,26,9,108
667,39,1,12
667,49,25,1250
667,50,25,1250
667,51,5,250
667,375,3,99
669,73,169,3853.2
669,74,90,2700
669,77,50,2450
669,383,168,2016
670,96,5,735
671,96,1,20
672,96,1,48
673,96,1,42
674,96,1,30
675,96,1,150
676,96,1,64
677,96,1,43
678,174,20,400
679,2,75,2012
680,134,66,1848
680,239,60,1620
681,392,50,2200
682,28,28,308
682,36,30,1170
682,37,30,1080
683,393,22,154
683,394,90,360
683,395,31,465
684,96,1,42
685,96,1,47
686,96,5,292
687,256,20,270
689,56,96,4128
689,73,139,3189
689,82,37,1628
689,148,148,4144
690,396,60,1920
691,39,1,15
691,63,50,700
691,345,20,380
691,375,25,800
691,397,1,28
691,398,1,28
691,399,1,28
691,400,1,27
691,401,2,54
691,402,2,54
691,403,4,112
691,404,2,38
691,405,2,38
691,406,2,38
691,407,10,230
691,408,10,200
691,409,17,269
691,410,10,180
695,55,100,2020
695,75,213,5751
695,383,168,2016
695,411,158,4108
696,32,45,765
696,36,26,1014
696,37,50,1008
696,38,30,960
696,414,87,1008
697,96,1,25
698,13,3,57
699,96,5,2637
700,13,1,36
701,13,3,53
702,96,1,23
703,96,2,142
704,25,16,240
705,77,100,4900
705,225,56,1484
706,13,10,347
707,13,3,127
708,96,1,37
709,96,50,614
710,32,30,510
710,36,30,1170
710,37,30,1080
710,38,30,960
710,226,23,621
710,414,68,816
710,415,126,252
710,416,142,1704
713,13,5,100
714,96,2,70
715,415,15,30
716,13,10,500
716,32,30,510
716,36,20,780
716,37,20,720
716,38,30,960
716,53,40,1000
716,96,,736
716,419,100,300
716,420,64,960
717,71,85,2295
717,73,100,2290
717,78,160,4000
717,130,85,2295
717,383,80,960
718,255,873,23571
719,28,40,800
719,50,10,500
719,51,25,1250
719,63,35,490
719,188,5,115
719,330,20,380
719,358,20,380
720,332,144,3285
720,421,58,435
721,13,10,500
722,13,2,34
723,96,1,28
724,96,1,218
725,358,25,350
726,96,1,61
728,96,1,133
729,13,2,47
730,96,1,43
731,63,30,1200
732,32,30,510
732,37,53,1908
732,38,60,1920
732,193,14,560
733,352,15,14176
734,352,12,14176
735,96,1,36
736,96,1,48
737,13,10,71
738,96,2,63
739,108,100,2808
740,96,1,15
741,13,3,41
742,13,2,30
743,21,10,350
744,21,2,60
745,96,2,80
746,8,2,80
747,96,6,858
748,96,1,370
749,13,5,550
750,96,1,31
751,96,1,397
752,108,20,450
753,96,1,99
754,96,1,546
755,423,33,276
756,13,6,98
757,96,1,40
758,96,1,790
759,424,23,115
760,96,1,390
761,96,1,70
762,96,1,75
763,96,1,12
764,96,1,50
765,96,1,544
766,96,1,100
767,96,1,372
768,96,1,21
769,96,1,33
770,96,1,50
771,96,1,251
772,96,1,453
773,96,1,58
774,96,1,841
775,96,1,220
776,96,1,134
777,96,1,100
778,96,1,71
779,96,1,73
780,61,20,800
780,194,15,376
781,32,201,8035
781,36,33,1316
781,38,24,947
782,258,9,135
782,259,7,196
782,260,21,588
783,13,60,600
784,123,30,750
784,330,18,375
785,72,50,1350
785,92,115,3191
785,348,22,792
785,426,34,1564
786,96,,17
787,96,,145
788,96,1,34
789,96,,1306
790,96,,257
791,96,,54
792,96,,7548
793,427,,396
794,96,,74
795,428,293,8777
797,259,,4540
799,96,,77
800,96,,87
801,96,,747
802,49,26,1300
802,50,46,2300
802,51,26,1300
802,52,10,240
802,63,70,980
802,171,34,510
802,247,10,500
803,28,23,391
803,32,20,340
803,36,7,273
803,37,1,36
803,38,30,960
803,123,20,500
803,153,20,500
803,358,8,168
804,429,30,780
804,430,25,700
804,431,80,960
804,432,33,288
805,116,25,1250
806,32,21,357
806,36,13,507
806,37,12,432
806,153,22,550
806,347,12,180
806,380,32,768
806,429,20,520
806,434,12,156
806,435,25,175
806,436,35,385
807,429,2,52
808,208,27,707
808,209,86,1950
808,215,90,3923
808,272,14,350
808,273,14,728
808,274,14,729
808,279,27,688
808,281,56,1568
808,291,55,1049
808,366,28,728
809,96,,56
810,96,,22
811,96,,541
812,96,,210
813,96,,38
814,96,,201
815,96,,1924
816,96,,3522
817,96,,712
818,21,8,344
818,32,17,289
818,36,12,424
818,37,15,540
818,38,17,544
818,127,8,192
818,194,2,46
818,330,8,208
819,39,1,11
819,438,30,1140
820,63,75,1050
821,439,10,259
823,21,1,1182
824,96,,68
825,96,,169
826,96,,80
827,96,,334
828,96,,118
829,96,,83
830,96,,223
831,96,,116
832,96,,105
833,96,,143
834,96,,1856
835,96,36,216
836,21,10,430
836,32,20,340
836,36,10,390
836,37,10,360
836,38,20,640
836,440,27,945
837,32,30,510
837,36,15,585
837,37,10,360
837,38,30,960
837,90,30,480
837,358,18,213
838,21,1,1182
839,28,40,160
839,32,5,51
839,36,5,195
839,37,5,180
839,38,5,160
840,56,113,4859
840,77,92,5612
840,92,144,3996
840,160,65,1625
840,191,200,3000
840,377,213,5751
841,55,100,2020
841,59,231,6237
841,60,152,4104
841,433,207,3933
842,96,,295
843,96,,806
844,96,,32
845,96,,90
846,72,95,2565
846,74,150,4050
846,79,128,3200
846,81,163,2527
846,117,92,2484
846,202,126,5544
846,383,56,672
848,59,4,108
848,60,1,27
848,71,4,108
848,74,1,27
848,75,4,108
848,78,3,75
848,120,1,26
848,296,1,28
848,377,4,108
848,391,7,133
850,55,42,848
850,74,42,1134
850,91,62,1612
850,120,50,1325
850,349,28,728
850,441,158,4029
850,442,29,769
851,358,,532
852,96,,50
853,96,,61
854,96,,29
855,96,,20
856,96,,44
857,448,12,103
860,76,125,6500
860,130,213,5751
860,202,125,5438
860,362,244,6588
860,383,285,3420
860,450,264,8184
861,76,125,6500
861,130,213,5751
861,202,125,5438
861,362,244,6588
861,383,285,3420
861,450,264,8184
862,352,,11982
864,26,16,254
864,28,32,768
864,102,19,532
864,453,15,105
864,454,8,88
864,455,6,24
865,13,,4172
866,352,,30
867,352,,78
868,352,,30
869,352,,42
870,352,,130
871,352,,25
872,352,,69
873,352,,20
874,352,,418
875,352,,13
876,352,,780
877,352,,6
878,352,,230
879,352,,10
880,323,,72
882,96,120,2346
883,316,,6229
884,74,213,5751
884,78,224,5600
884,81,380,5890
884,96,,1
884,160,100,1425
884,383,285,3420
885,352,,29
886,352,,11
887,352,,24
888,96,,16
889,96,,2775
890,352,,1462
891,32,30,510
891,37,30,1080
891,38,30,960
892,32,30,510
892,36,15,585
892,37,15,540
892,38,30,960
893,25,,1070
893,108,40,360
893,371,9,108
893,414,30,360
894,38,30,960
895,32,17,289
895,36,15,585
895,37,15,540
895,38,19,608
895,201,60,720
895,444,54,864
896,32,2,34
896,36,2,78
896,38,2,64
896,438,30,1140
897,21,8,100
897,32,15,255
897,36,10,390
897,37,15,540
897,38,15,480
897,39,1,11
897,96,8,208
897,108,2,80
897,127,8,192
897,194,2,46
897,437,30,150
898,32,15,255
898,36,15,585
898,37,20,720
898,38,10,320
898,193,10,400
898,201,50,600
898,358,10,140
898,445,,848
898,447,61,366
899,32,5,85
899,36,4,156
899,37,30,1080
899,38,5,160
899,444,45,720
900,32,30,510
900,38,30,960
901,108,40,400
902,32,20,340
902,36,10,390
902,37,15,540
902,38,60,1920
903,380,37,740
904,13,1,13
914,26,10,159
914,63,75,1050
914,400,10,270
915,25,,2651
915,32,20,340
915,36,4,156
915,38,30,960
915,458,30,780
915,459,8,216
915,460,80,240
915,461,16,576
915,462,150,1800
916,96,,103
917,96,,81
918,96,,47
919,96,,88
920,96,,181
921,96,,52
923,96,,14000
924,55,100,2020
924,75,92,2484
924,137,189,4914
924,166,35,770
924,202,125,5500
929,352,,661
930,25,,4000
931,352,,29
932,352,,38
933,352,,96
934,352,,80
935,352,,117
936,13,,43
937,352,,28
938,352,,42
939,352,,320
940,352,,99
941,32,15,255
941,36,16,624
941,37,7,252
941,38,44,1408
941,405,21,903
941,459,40,1080
942,352,,115
943,352,,21
944,352,,125
945,352,,917
946,352,,25
947,352,,106
948,352,,213
949,352,,36
950,352,,309
951,13,,976
952,352,,137
953,352,,1066
954,352,,320
955,352,,24644
956,108,,775
957,352,,37
958,352,,285
959,352,,64
960,352,,92
961,352,,23
962,352,,70
963,108,,156
964,352,,96
965,352,,47
966,26,37,558
966,27,4,150
966,28,151,3180
966,32,24,973
966,33,7,87
966,34,4,127
966,35,14,375
966,36,3,126
966,37,47,1879
966,38,127,5097
966,40,3,100
966,42,10,120
966,43,44,878
966,48,30,995
966,49,21,1025
966,51,9,425
966,52,8,194
966,54,18,350
966,58,20,420
966,63,28,1344
966,65,8,24
966,72,1,18
966,73,18,417
966,79,20,508
966,86,360,18000
966,90,30,447
966,93,11,447
966,98,31,810
966,103,16,704
966,108,12,369
966,112,2,42
966,114,47,846
966,121,4,176
966,122,29,772
966,124,174,871
966,134,112,3134
966,135,3,60
966,143,5,60
966,152,23,909
966,153,42,624
966,154,32,853
966,155,7,324
966,157,17,887
966,163,2,52
966,168,3,72
966,169,6,75
966,170,52,1308
966,172,8,250
966,174,4,126
966,184,1,24
966,187,8,192
966,188,10,230
966,189,17,398
966,193,17,384
966,194,1,32
966,200,13,206
966,203,39,354
966,207,19,930
966,224,10,136
966,226,11,459
966,230,17,315
966,232,9,72
966,233,8,196
966,234,46,1365
966,238,3,78
966,243,2,50
966,248,59,1600
966,254,1,3
966,255,106,1267
966,257,2,25
966,258,13,195
966,296,109,3064
966,299,154,4088
966,301,30,452
966,302,40,1082
966,303,8,53
966,308,78,1718
966,313,25,176
966,321,,337
966,323,,59
966,331,20,220
966,334,1,9
966,340,1,31
966,343,5,269
966,344,15,379
966,347,5,180
966,358,167,4185
966,379,48,528
966,393,15,104
966,394,58,230
966,395,2,30
966,400,13,351
966,407,4,92
966,409,3,48
966,427,10,187
966,428,325,9748
966,429,26,676
966,437,24,120
966,438,31,1170
966,448,2,16
966,449,1,20
966,455,7,28
967,233,8,196
968,27,,80
970,32,5,55
970,38,30,1080
970,358,24,288
970,459,16,432
970,463,13,143
970,464,20,180
970,465,15,360
970,466,10,80
971,352,,39
972,352,,217
973,352,,62
975,352,,2845
976,352,,378
977,352,,40
978,352,,60
979,352,,205
980,352,,477
981,352,,29
982,352,,240
983,352,,219
984,352,,559
985,352,,241
986,352,,136
987,352,,430
988,352,,120
989,49,10,500
989,50,10,500
989,51,10,500
989,63,25,350
990,467,60,1200
991,21,3,134
992,352,,364
993,352,,51
994,352,,34
995,352,,161
996,352,,108
997,352,,37
998,352,,78
999,352,,18
1000,352,,323
1001,352,,398
1002,352,,314
1003,352,,5408
1004,55,50,1010
1004,78,160,4000
1004,81,326,5053
1004,368,105,3885
1004,391,166,3154
1005,468,,2100
1006,352,,131
1007,352,,58
1009,352,,23
1010,352,,335
1011,3,,422
1012,352,,311
1013,352,,95
1014,352,,91
1015,352,,47
1016,352,,128
1017,32,35,385
1017,36,35,1330
1017,37,35,1330
1017,38,35,1260
1017,123,20,260
1017,445,,535
1017,459,10,270
1018,469,20,180
1019,208,25,655
1019,209,44,1012
1019,210,26,592
1019,213,26,593
1019,263,10,150
1019,274,10,610
1019,277,90,3960
1019,279,12,300
1019,291,52,992
1019,333,26,683
1019,365,53,1431
1020,352,,78
1021,352,,30
1022,352,,39
1023,352,,8
1024,352,,409
1025,352,,174
1026,352,,39
1027,352,,439
1028,424,18,125
1029,352,,39
1030,352,,100
1031,352,,903
1032,352,,888
1033,352,,20
1034,352,,268
1035,352,,883
1036,352,,883
1037,352,,103
1038,352,,43
1039,352,,152
1040,352,,136
1041,352,,192
1042,352,,77
1043,352,,137
1044,352,,189
1045,96,,50
1046,352,,50
1047,352,,70
1048,352,,354
1049,352,,158
1050,352,,267
1051,352,,36
1052,352,,36
1053,352,,109
1054,352,,74
1055,352,,33
1056,352,,176
1057,352,,258
1058,352,,124
1059,352,,418
1060,352,,1107
1061,352,,539
1062,352,,539
1063,352,,86
1064,352,,622
1065,352,,217
1066,25,113,793
1066,36,3,114
1066,459,40,1080
1066,462,130,1560
1067,358,60,600
1067,470,75,300
1068,38,30,1140
1069,32,5,55
1069,36,5,190
1069,37,5,190
1069,459,50,1350
1069,471,30,240
1069,472,13,52
1069,473,10,110
1070,32,30,330
1070,36,30,1140
1070,37,30,1140
1071,108,4,100
1072,352,,136
1073,352,,45
1074,352,,74
1075,352,,131
1076,352,,140
1077,352,,96
1078,352,,71
1079,352,,11
1080,352,,4
1081,352,,84
1082,352,,15
1083,352,,42
1084,352,,75
1085,352,,20
1086,142,14,338
1087,352,,1231
1088,352,,1028
1089,352,,590
1090,49,38,1900
1090,50,26,1300
1090,51,26,1300
1090,63,20,280
1090,246,25,650
1090,247,10,500
1091,21,11,440
1092,21,11,440
1092,352,,1898
1093,352,,178
1094,352,,1306
1095,352,,61
1096,21,,640
1097,21,,400
1098,96,,23
1099,224,10,136
1099,234,46,1365
1099,358,160,4001
1099,409,3,48
1101,352,,1143
1102,352,,3391
1103,352,,116
1104,352,,53
1105,352,,156
1106,352,,1669
1107,108,10,200
1109,19,,4200
1110,208,1,22
1110,209,4,83
1110,336,2,25
1110,449,1,20
1112,55,43,862
1112,60,3,81
1112,77,2,122
1112,133,1,54
1112,134,11,308
1112,166,16,352
1112,238,3,78
1112,248,59,1600
1112,299,154,4088
1112,300,109,3064
1112,363,18,666
1112,433,10,182
1112,441,133,3392
1114,71,,1
1114,81,,1
1114,92,,1
1114,98,58,1500
1114,150,,1
1114,160,,1
1114,225,,1
1115,352,,125
1116,124,,1494
1117,352,,71
1118,352,,131
1119,96,,34
1120,487,30,330
1120,488,30,1080
1120,489,30,1140
1120,490,30,1140
1123,358,8,115
1123,526,20,120
1123,527,50,300
1124,519,92,2484
1124,528,62,1551
1124,529,65,1885
1124,530,250,5050
1125,499,25,505
1125,502,25,387.5
1125,503,35,787.5
1125,505,12,516
1125,506,70,3080
1125,507,38,912
1126,531,20,473
1126,532,25,543
1126,533,25,543
1126,534,5,183
1126,535,25,563
1126,536,25,750
1127,537,25,600
1127,538,10,600
1130,525,,373
1131,352,,65
1132,352,,103
1133,352,,75
1134,352,,32
1135,352,,180
1136,352,,74
1137,50,27,1345
1137,63,17,826
1137,375,25,800
1139,8,21,830
1139,13,98,1953
1139,25,50,2507
1139,26,29,431
1139,27,9,300
1139,28,15,320
1139,35,1,25
1139,36,1,38
1139,49,10,500
1139,50,2,100
1139,51,5,225
1139,63,8,406
1139,108,39,1184
1139,123,10,130
1139,153,23,345
1139,171,1,10
1139,193,23,500
1139,224,10,136
1139,226,11,459
1139,230,17,315
1139,232,9,72
1139,234,46,1365
1139,235,20,395
1139,242,,1
1139,243,2,50
1139,254,1,3
1139,255,157,1879
1139,257,2,25
1139,258,13,195
1139,301,30,452
1139,302,40,1082
1139,303,8,53
1139,308,78,1718
1139,313,25,176
1139,321,,337
1139,323,,59
1139,330,,6
1139,331,20,220
1139,334,1,9
1139,340,1,31
1139,344,17,429
1139,347,5,180
1139,358,164,4096
1139,379,48,528
1139,393,15,104
1139,394,58,230
1139,395,2,30
1139,400,15,405
1139,405,10,189
1139,407,4,92
1139,409,3,48
1139,424,18,90
1139,427,10,187
1139,434,1,9
1139,437,24,120
1139,448,2,16
1139,453,45,315
1139,460,1,4
1139,469,,76
1139,472,9,36
1139,487,8,90
1139,525,,80
1141,543,198,5544
1143,203,25,247.5
1144,352,,21
1145,352,,52
1146,352,,111
1147,352,,110
1148,512,100,2775
1148,546,95,4940
1148,547,100,2800
1148,548,183,4849.5
1148,549,224,5600
1149,352,,12249
1150,352,,287
1151,352,,28
1152,352,,28
1153,352,,150
1154,462,40,400
1154,487,30,330
1154,488,30,1080
1154,550,5,35
1154,551,30,840
1154,552,29,174
1154,553,8,88
1155,352,,430
1156,352,,142
1157,352,,60
1158,352,,90
1159,352,,54
1160,352,,81
1161,352,,48
1162,13,15,336
1163,49,20,1000
1163,50,10,500
1163,52,15,360
1164,517,,1
1164,518,183,4941
1164,523,213,5751
1165,559,42,294
1166,25,17,76.5
1167,352,,315
1168,352,,506
1169,352,,79
1170,352,,66
1172,25,26,768
1172,462,8,96
1172,561,45,675
1172,562,50,1600
1173,564,40,1520
1174,487,30,330
1174,488,30,1080
1174,489,30,1140
1174,490,30,1140
1175,173,,1920
1176,173,,320
1177,498,25,600
1177,499,12,230
1177,503,50,1000
1177,504,25,450
1177,507,25,600
1177,539,25,300
1177,557,25,544
1177,566,48,504
1178,567,25,562
1178,568,75,2813
1178,569,25,562
1179,352,,36
1180,352,,86
1181,352,,11
1182,352,,12
1183,21,,80
1184,352,,31
1185,352,,37
1186,352,,2008
1187,352,,180
1188,13,,65
1189,52,8,192
1189,143,4,48
1189,147,8,48
1189,458,8,208
1190,13,,55
1191,13,,39
1192,358,,68
1193,454,10,110
1193,542,50,700
1194,492,25,675
1194,502,10,150
1194,503,20,610
1194,505,13,546
1194,507,25,654
1194,532,25,650
1194,533,25,662
1194,556,41,738
1195,570,75,900
1195,571,75,3262
1196,514,132,5676
1196,529,29,841
1197,572,217,4177
1198,13,,23
1199,416,2,24
1199,487,30,330
1199,488,30,1080
1199,489,30,1140
1199,490,30,1140
1199,551,25,225
1199,562,25,800
1199,564,7,266
1199,573,16,112
1199,574,28,336
1200,352,,92
1201,13,,65
1202,352,,235
1203,13,,39
1204,352,,25
1205,358,,68
1206,352,,6
1207,13,,22
1208,352,,125
1209,493,20,550
1209,494,40,1110
1209,495,34,931
1209,499,4369,216
1209,507,70,1831
1209,535,11,307
1209,565,21,535
1209,566,48,419
1210,13,,416
1211,13,,60
1212,352,,60
1213,352,,52
1214,96,,24
1215,352,,32
1216,352,,42
1217,112,3,60
1217,410,6,108
1218,487,30,330
1218,488,30,1080
1218,489,30,1140
1218,490,30,1140
1219,561,8,112
1219,562,,380
1219,576,25,850
1219,577,105,105
1219,578,8,80
1219,580,20,540
1219,581,61,1159
1220,25,,439
1220,332,,300
1221,495,25,675
1221,496,75,3375
1221,497,25,625
1221,503,10,226.8
1221,507,25,655
1221,531,36,626.4
1221,536,13,468
1221,537,26,663
1221,541,13,341.9
1221,557,25,675
1222,583,13,676
1223,35,6,162
1223,49,10,500
1223,50,5,250
1223,51,8,400
1223,63,25,350
1223,165,10,40
1223,246,10,260
1223,454,2,22
1224,1,92,5520
1224,508,217,2930
1224,584,153,3328
1224,585,68,761.6
1224,586,373,9623.4
1225,352,,60
1226,352,,61
1227,352,,11
1228,352,,34
1229,352,,7
1230,352,,38
1231,332,,1165
1231,421,,4407
1232,13,,5450
1233,341,6,132
1234,512,103,2775
1234,547,99,2800
1234,558,232,584
1235,21,6,258
1235,358,25,360
1235,463,20,120
1235,487,30,330
1235,488,30,1080
1235,489,30,1140
1235,490,30,1140
1236,25,25,1004
1238,589,144,5832
1239,561,20,280
1239,590,26,286
1239,591,20,220
1239,592,,2050
1240,593,,1734
1241,352,,23370
1242,352,,70
1243,13,,90
1244,352,,198
1245,352,,7
1246,352,,25
1247,352,,26
1248,21,,17
1249,352,,127
1250,352,,53
1251,352,,2207
1253,170,60,2220
1254,352,,140
1255,352,,1502
1256,352,,753
1257,352,,476
1258,549,128,3072
1258,585,611,7332
1259,597,236,2832
1259,598,90,3960
1260,96,,1430
1261,39,2,36
1261,63,35,490
1261,165,10,40
1261,246,25,650
1262,492,25,675
1262,494,50,1350
1262,496,75,3375
1262,503,19,430
1262,507,25,650
1262,566,12,390
1263,600,12,624
1263,601,24,612
1264,352,,151
1265,352,,73
1266,352,,3639
1267,352,,46
1268,352,,91
1269,352,,240
1270,352,,215
1271,352,,29
1272,352,,15
1273,352,,437
1274,25,,4000
1275,352,,972
1276,352,,294
1277,352,,377
1279,454,30,330
1279,488,30,1080
1279,490,30,1140
1279,603,36,252
1279,604,35,210
1279,605,35,175
1279,606,6,78
1279,607,4,68
1279,608,75,600
1279,609,66,396
1279,610,75,450
1279,611,39,78
1279,612,16,32
1280,352,,753
1281,352,,187
1282,352,,47
1283,352,,428
1284,352,,753
1285,352,,375
1286,508,217,2930
1286,517,183,4117
1286,518,153,3443
1288,613,92,2760
1288,614,55,2073
1288,615,138,3042
1289,352,,522
1291,352,,485
1292,352,,14
1293,352,,147
1294,352,,158
1295,352,,42
1296,352,,399
1297,352,,706
1298,108,,4448
1299,352,,245
1300,352,,187
1301,358,,346
1302,352,,27
1303,352,,1160
1304,352,,647
1305,352,,204
1306,352,,581
1307,352,,204
1308,352,,323
1309,352,,48
1310,352,,55
1311,352,,98
1312,352,,110
1313,352,,160
1314,352,,181
1315,13,,4940
1315,487,30,330
1315,488,30,1080
1315,489,30,1140
1315,490,30,1140
1317,27,,320
1318,519,123,2768
1318,558,120,1508
1319,616,63,1393
1319,617,28,498
1320,495,25,675
1320,496,75,3375
1320,497,25,625
1320,503,10,226
1320,531,45,783
1320,541,13,341
1320,583,13,676
1320,588,25,675
1321,536,13,468
1322,499,10,202
1322,502,25,375
1322,503,9,204.3
1322,504,25,249.07
1322,507,25,655
1322,565,50,1250
1322,566,56,858
1322,568,75,3239
1322,569,25,675
1322,595,21,566
1322,596,25,700
1323,493,25,562
1323,496,80,3000
1323,502,25,337
1323,503,40,800
1323,507,25,650
1323,556,5,67
1323,583,25,1087
1323,588,25,544
1323,601,24,612
1323,617,12,270
1324,533,25,675
1325,496,4999,121
1325,503,1383,61
1325,507,25,652
1325,532,1310,49
1325,539,355,25
1325,541,675,25
1325,556,477,25
1325,583,500,10
1326,620,3,81
1327,517,44,990
1327,585,48,576
1328,27,5,65
1328,590,20,240
1328,621,20,240
1328,622,25,325
1328,623,5,65
1328,624,5,60
1328,625,2,6
1328,626,5,25
1328,627,3,39
1328,628,2,18
1328,629,2,38
1328,630,2,14
1329,487,30,330
1329,488,30,1080
1329,489,30,1140
1329,490,30,1140
1330,50,19,950
1330,472,45,180
1330,542,51,718
1331,352,,310
1332,352,,91
1333,27,,320
1334,352,,52
1335,352,,182
1336,352,,122
1337,352,,258
1338,352,,53
1339,352,,1011
1340,352,,679
1342,572,131,1769
1342,631,115,2588
1342,632,144,5472
1343,352,,1530
1344,352,,94
1345,352,,31
1346,108,,3210
1347,352,,16
1348,352,,1597
1349,352,,830
1350,352,,1319
1351,352,,1665
1352,352,,1426
1353,487,30,330
1353,488,30,1080
1353,489,30,1140
1353,490,30,1140
1353,634,15,405
1353,635,25,50
1353,636,25,125
1353,637,25,100
1353,638,11,55
1353,639,25,325
1353,640,11,77
1353,641,3,36
1353,642,6,66
1353,643,15,165
1353,644,10,70
1353,645,132,1980
1354,514,95,4085
1354,523,367,9909
1354,548,152,4028
1354,549,128,3200
1354,598,53,2332
1355,647,211,6541
1356,34,24,576
1356,35,10,270
1356,49,20,1000
1356,246,24,624
1356,410,15,281
1356,648,24,576
1357,19,29,870
1357,650,37,1110
1357,651,38,1140
1357,652,16,324
1358,352,,82
1359,352,,274
1360,352,,9
1361,8,,25
1362,352,,59
1364,352,,123
1365,352,,591
1366,96,,1320
1367,487,30,330
1367,488,30,1080
1367,489,30,1140
1367,490,30,1140
1367,653,45,450
1367,654,6,66
1367,655,15,210
1367,656,40,960
1367,657,30,300
1368,358,12,156
1369,8,,462
1370,352,,50
1371,352,,225
1372,352,,2171
1373,352,,47
1374,96,,49
1375,512,116,3219
1375,529,29,841
1375,585,146,1752
1375,616,63,1701
1377,493,22,572
1377,496,44,1980
1377,499,44,889
1377,502,44,660
1377,503,55,1292
1377,504,22,484
1377,507,31,812
1377,532,44,1161
1377,565,22,577
1377,568,44,1914
1377,658,44,897
1377,659,44,1122
1379,660,30,2165
1380,487,30,330
1380,488,30,1080
1380,489,30,1140
1380,490,30,1140
1381,662,20,600
1381,663,50,1300
1381,664,24,168
1381,665,5,50
1381,666,30,780
1381,667,16,112
1382,597,79,948
1383,495,45,1170
1383,499,23,465
1383,502,45,675
1383,503,18,4785
1383,531,44,588.7
1383,537,45,1147
1383,556,44,737
1383,565,23,529
1383,568,110,4785
1383,569,23,621
1383,583,15,780
1383,659,45,1147.5
1386,170,,25916
1387,514,95,4085
1387,598,108,4752
1387,615,166,3856
1388,668,69,1518
1388,669,159,4054.5
1389,487,30,330
1389,490,30,1026
1390,657,50,500
1390,670,30,180
1390,671,30,150
1390,672,50,50
1391,432,30,30
1391,663,30,780
1392,673,30,360
1392,674,60,1500
1393,352,,11767
1394,493,22,572
1394,496,22,990
1394,499,22,444
1394,507,22,550
1394,538,9,564
1394,556,44,737
1394,568,22,957
1394,583,12,825
1394,595,44,1188
1394,659,22,561
1395,352,,160
1396,96,,1052
1397,96,,26
1398,352,,28
1399,352,,101
1400,352,,17
1401,352,,86
1402,352,,346
1403,352,,33
1404,13,48,1872
1405,487,30,330
1405,488,30,1080
1405,489,30,1140
1405,490,30,1140
1406,96,,2825
1407,517,123,3321
1407,523,153,4131
1407,547,144,4032
1407,597,209,3135
1407,676,149,3874
1408,499,22,443
1408,502,24,360
1408,507,18,471
1408,538,10,627
1408,556,45,858
1408,568,88,3828
1408,569,42,1134
1408,595,42,1134
1408,620,12,324
1409,352,,94
1410,96,,210
1411,352,,28
1412,352,,131
1413,96,90,2240
1414,352,,25
1416,352,,337
1417,96,,257
1419,1,65,3285
1419,510,87,2349
1419,512,57,1581
1419,518,61,1647
1419,521,53,2318
1419,523,61,1647
1419,584,61,1631
1419,615,68,1551
1419,631,57,1596
1419,677,108,1404
1419,678,123,1918
1420,508,163,2526
1420,584,61,1631
1420,686,127,3238
1421,488,120,3600
1422,26,100,700
1423,96,,246
1424,108,,2524
1425,96,,34
1426,679,,1700
1427,96,,224
1428,96,,78
1429,358,,475
1430,96,,55
1431,96,,42
1432,96,,22
1433,25,,660
1434,96,,36
1435,96,,94
1436,96,,26
1437,12,,9
1438,96,,40
1439,96,,312
1440,96,,73
1441,96,,42
1442,96,,292
1443,96,,150
1444,96,,101
1445,96,,10
1446,96,,213
1447,96,,164
1448,96,,522
1449,352,,277
1450,96,,13
1451,96,,482
1452,96,,71
1453,96,,3898
1454,96,,216
1455,96,,150
1456,96,,33
1457,352,,1162
1458,96,,610
1459,96,,355
1460,682,29,1363
1460,683,63,2268
1460,684,63,2520
1461,682,21,987
1461,683,47,1692
1461,684,47,1880
1462,96,,370
1463,96,,65
1464,96,,340
1465,96,,375
1466,96,,430
1467,352,,427
1468,96,,25
1469,25,,1695
1470,96,,41
1471,96,,45
1472,96,,49
1473,96,,23
1474,692,40,1800
1475,692,40,1800
1476,352,,408
1477,96,,1861.5
1478,1,53,2597
1478,510,69,1863
1478,512,47,1304
1478,518,49,1323
1478,521,43,1881
1478,523,49,1323
1478,584,49,1310
1478,615,55,1255
1478,631,47,1316
1478,677,87,1131
1478,678,99,1544
1479,508,131,2030
1479,510,209,5643
1479,521,87,3806
1479,584,49,1310
1479,686,101,2575
1480,691,,75
1481,96,,37
1482,352,,325
1483,21,,416
1484,352,,69
1485,352,,99
1486,352,,166
1487,13,,40
1488,352,,15
1489,96,,49
1490,352,,1250
1491,13,,22
1492,648,,1900
1493,691,,460
1494,96,,65
1495,691,,150
1496,691,,384
1497,96,,139
1498,13,,69
1499,691,,270
1500,352,,52
1501,96,,170
1502,352,,104
1503,96,,151
1504,691,,510
1505,96,,154
1506,352,,39
1507,96,,180
1508,691,,90
1509,13,,42
1510,96,,76
1511,352,,16
1512,96,,30
1513,352,,24
1514,21,110,3252
1515,96,,246
1516,679,,1700
1517,352,,224
1518,96,,78
1519,108,,392
1520,96,,155
1521,691,,180
1522,13,,16
1523,96,,15
1524,691,,409
1525,96,,48
1526,96,,903
1527,96,,2190
1528,13,,2176
1529,96,,15
1530,691,,152
1531,352,,61
1532,21,,780
1533,691,,30
1534,96,,18
1535,352,,26912
1536,352,,991
1537,352,,5434
1538,691,,406
1539,352,,427
1540,352,,81
1541,691,,405
1542,96,,43
1543,96,,17
1544,352,,81
1545,691,,270
1546,352,,142
1547,352,,10660
1548,13,,1218
1549,170,,184
1550,352,,26
1553,695,538,13734
1554,695,296,6610
1555,695,560,16826
1556,695,90,2250
1557,695,59,2360
1558,695,63,2268
1559,695,547,15148
1560,695,433,11373
1561,695,728,19302
1563,696,267,7586
1564,696,1072,30199
1565,697,120,3600
1566,697,120,3600
1567,487,30,330
1567,488,30,900
1567,489,30,1140
1567,490,30,1140
1568,96,,85
1569,50,6,300
1569,51,4,200
1569,330,18,342
1569,542,25,350
1570,96,,1612
1571,698,,4530
1572,96,,1932.6
1573,96,190,3310
1574,96,,1035
1575,96,,743
1576,487,30,330
1576,488,30,900
1576,489,30,1140
1576,490,30,1140
1577,96,,1152
1578,352,,142
1579,691,,100
1580,96,,60
1581,352,,210
1582,352,,50
1583,352,,99
1584,352,,92
1585,352,,69
1586,96,,195
1587,96,,69
1588,352,,126
1589,352,,195
1590,352,,400
1591,510,136,3672
1591,511,101,2701
1591,514,56,2408
1591,519,61,1647
1591,598,53,2332
1591,647,211,6541
1591,668,35,770
1591,695,55,1430
1592,699,55,1430
1592,700,149,3948
1593,352,,333
1594,96,,306
1595,352,,1199
1596,96,,400
1597,352,,213
1598,96,,195
1599,96,,185
1600,96,,47
1601,352,,19
1602,96,,9
1603,352,,296
1604,352,,489
1605,352,,40
1608,352,,296
1609,96,,19
1610,352,,37
1611,96,,39
1612,352,,355
1613,352,,36
1614,352,,391
1615,352,,144
1616,352,,144
1617,96,,233
1618,96,,45
1619,352,,264
1620,96,,500
1621,96,,740
1622,96,,17
1623,352,,106
1624,352,,113
1625,352,,4190
1626,96,,500
1627,96,,865
1628,352,,56
1629,96,,26
1630,691,,229
1631,96,,19
1632,352,,107
1633,352,,333
1634,352,,144
1635,492,13,338
1635,494,25,683
1635,503,30,380
1635,504,23,552
1635,507,50,1310
1635,533,25,659
1635,535,13,351
1635,554,75,3300
1635,556,50,837
1635,565,36,935
1635,568,22,959
1635,569,13,344
1635,595,25,650
1636,701,13,542
1637,508,108,1614
1637,546,37,1628
1637,703,28,742
1637,704,61,1692
1638,352,,68
1639,96,,10
1640,511,73,1952
1640,514,45,1935
1640,519,49,1323
1640,598,43,1892
1640,647,169,5239
1640,668,28,616
1640,699,44,1144
1640,700,120,3180
1641,508,87,1346
1641,546,31,1364
1641,703,23,609
1641,704,49,1359
1642,96,,2253
1643,702,108,4320
1644,702,216,8640
1645,352,,65
1646,352,,74
1647,96,,39
1648,352,,168
1649,352,,318
1650,96,,19
1651,691,,61
1652,96,,10
1653,203,,254
1654,96,,54
1655,352,,61
1656,96,,96
1657,352,,210
1658,352,,241
1659,96,,21
1660,691,,275
1661,96,,100
1662,352,,111
1663,162,100,2000
1664,698,65,2860
1665,697,120,3600
1666,468,,603
1668,96,,29241
1669,523,49,1323
1669,549,103,2575
1669,615,55,1255
1669,677,87,1131
1669,685,188,8178
1669,695,1,1
1669,699,44,1144
1670,705,93,2622
1671,492,13,338
1671,493,13,351
1671,495,25,675
1671,496,80,3520
1671,502,34,510
1671,505,13,559
1671,507,50,1303
1671,531,43,734
1671,532,25,669
1671,537,24,576
1671,538,13,821
1671,554,80,3520
1671,556,43,720
1671,566,43,671
1671,568,70,3045
1671,569,16,432
1671,588,17,442
1671,595,37,999
1671,620,13,351
1671,690,25,700
1672,523,61,1647
1672,549,128,3200
1672,615,68,1551
1672,631,168,4704
1672,677,108,1404
1672,685,233,10135
1672,699,55,1430
1672,705,115,3243
1674,691,,814
1675,170,130,4440
1676,352,,16
1677,96,,45
1678,96,,55
1679,352,,30
1680,108,,499
1681,96,,2240
1682,112,87,4350
1683,697,120,3600
1684,346,84,1932
1685,96,,140
1686,50,6,300
1686,542,100,1700
1687,19,15,402
1688,96,,41208
1689,96,,64
1690,96,,54
1691,352,,235
1692,96,,10
1693,96,,64
1694,96,,130
1695,352,,425
1696,352,,680
1697,352,,754
1698,346,59,1180
1698,646,16,480
1700,706,225,4050
1701,691,,450
1703,508,108,1674
1703,514,56,2408
1703,517,61,1647
1703,547,57,1596
1703,613,95,1596
1703,707,53,3233
1703,708,53,1590
1704,709,83,1577
1705,710,94,3760
1706,543,197,4728
1707,108,,204
1708,96,,2136
1709,508,87,1348
1709,514,45,1935
1709,517,49,1323
1709,547,47,1316
1709,613,76,1276
1709,707,43,2623
1709,708,43,1290
1709,709,67,1273
1710,96,,425
1711,352,,347
1712,96,,212
1713,691,,450
1714,96,,75
1715,352,,57
1716,96,,33
1717,352,,231
1718,352,,145
1719,697,120,3600
1720,682,190,6283
1721,508,131,2030
1721,521,245,10657
1721,546,45,1980
1721,615,81,1848
1722,352,,1229
1723,96,,104
1724,711,,221
1725,96,,4
1726,711,,153
1727,352,,132
1728,96,,34
1729,352,,69
1730,352,,519
1731,711,,357
1732,352,,93
1733,96,,40
1735,710,124,4960
1735,714,94,3760
1736,711,,915
1737,352,,650
1738,96,,239
1739,352,,165
1740,96,,78
1741,352,,64
1742,352,,36
1743,711,,165
1744,96,,1495
1745,521,245,10780
1746,521,305,13420
1747,697,120,3600
1748,716,80,400
1749,493,13,351
1749,495,25,675
1749,496,75,3330
1749,497,13,329
1749,499,25,505
1749,503,80,1872
1749,507,50,1310
1749,532,25,669
1749,535,13,351
1749,537,23,552
1749,541,13,351
1749,556,46,878
1749,565,19,486
1749,566,49,711
1749,568,59,2565
1749,569,13,351
1749,583,13,488
1749,588,25,650
1749,690,25,700
1749,701,13,543
1750,1,83,4067
1750,510,87,2349
1750,512,87,2414
1750,514,76,3268
1750,517,183,4941
1750,522,147,5439
1750,586,14,4042
1750,669,115,3220
1750,678,123,1918
1750,686,159,4054
1751,1,67,3283
1751,510,69,1863
1751,512,69,1914
1751,514,60,2580
1751,517,147,3969
1751,522,117,4329
1751,546,15,660
1751,586,113,3239
1751,669,93,2604
1751,678,99,1544
1751,686,128,3264
1752,542,50,650
1753,714,70,2800
1753,717,47,1880
1753,718,47,1880
1754,96,,147
1755,715,,1495
1756,711,,845
1757,96,,154
1758,96,,43
1759,352,,38
1760,352,,11129
1761,96,,5938
1762,96,,2635
1763,13,,27
1765,508,131,2030
1765,615,81,1848
1765,632,87,3784
1765,647,157,5102
1765,709,67,1273
1765,719,77,1630
1766,508,163,2200
1766,546,56,2464
1766,615,101,2304
1767,96,,44
1768,352,,38
1769,711,,165
1770,96,,117
1771,352,,134
1772,711,,120
1773,352,,4
1774,96,,18
1775,352,,161
1776,96,,504
1777,96,,328
1778,352,,138
1779,711,,310
1780,96,,45
1781,711,,168
1782,711,,98
1783,711,,105
1784,96,,15
1785,13,,23
1786,96,,1707
1787,508,163,2526
1787,517,92,2484
1787,615,101,2304
1787,647,196,6370
1787,709,83,1577
1787,719,96,2033
1788,96,,591
1789,96,,63
1790,711,,135
1791,96,,14
1792,711,,262
1793,711,,191
1794,96,,489
1795,352,,86
1796,96,,136
1797,96,,30
1799,720,40,920
1800,720,50,1150
1801,508,200,3100
1801,511,74,1979
1801,518,42,1134
1801,523,42,1134
1801,597,60,900
1801,615,55,1255
1802,21,2,1850
1804,722,96,3440
1805,721,120,2880
1808,723,,39950
1809,352,,96
1810,711,,215
1811,96,,347
1812,96,,384
1813,711,,225
1814,96,,14
1815,96,,230
1816,352,,20
1817,715,,1076
1818,492,12,324
1818,493,12,323
1818,494,24,659
1818,495,24,648
1818,496,70,3150
1818,499,46,930
1818,502,20,300
1818,503,120,2721
1818,505,12,516
1818,532,24,633
1818,535,12,324
1818,537,22,528
1818,554,70,3080
1818,568,80,3520
1818,569,12,324
1818,583,12,450
1818,595,20,520
1818,596,24,672
1818,659,14,356
1819,497,23,581
1819,500,25,376
1819,504,24,575
1819,507,68,1781
1819,533,24,636
1819,538,10,624
1819,541,12,324
1819,565,20,513
1819,566,42,609
1819,658,48,920
1819,724,12,324
1820,96,,2087
1821,96,,27
1822,725,20,330
1823,96,,351
1824,711,,711
1825,96,,27
1826,96,,16
1827,96,,213
1828,508,200,3100
1828,511,92,2461
1828,518,53,1431
1828,523,53,1431
1828,597,120,1800
1828,615,68,1551
1829,352,,1557
1830,96,,241
1831,697,90,2700
1832,352,,75
1833,711,,377
1834,352,,97
1835,511,73,1952
1835,514,60,2580
1835,546,31,1364
1835,549,129,3225
1835,598,116,5104
1835,669,69,1932
1835,678,99,1544
1836,96,,222
1837,542,50,650
1838,352,,16
1839,352,,27
1840,711,,125
1841,96,,209
1842,96,,509
1843,21,,373
1844,352,,56
1845,96,,285
1846,711,,63
1847,96,,393
1848,352,,60
1849,96,,638
1850,711,,182
1851,13,,400
1852,96,,274
1853,96,,3719
1854,511,92,2436
1854,514,76,3268
1854,546,37,1628
1854,549,160,4000
1854,598,144,6336
1854,669,87,2436
1854,678,123,1918
1856,13,,14
1857,25,,168
1858,25,,131
1859,96,,39
1860,711,,247
1861,25,,120
1862,96,,676
1863,352,,843
1864,13,,400
1864,698,,2700
1865,711,,210
1866,96,,1002
1867,96,,326
1868,394,105,630
1869,697,120,3600
1870,720,27,1350
1871,720,34,1700
1872,96,,842
1873,13,,33
1874,96,,12
1875,711,,213
1876,96,,394
1877,96,,385
1878,13,,533
1879,96,,38
1880,352,,99
1881,96,,703
1882,13,,35
1883,352,,33
1884,13,,17
1885,711,,151
1886,13,,11
1887,96,,263
1888,96,,419
1889,13,,12
1890,13,,533
1891,96,,563
1892,96,,15
1893,711,,105
1894,96,,95
1895,96,,412
1896,352,,241
1897,352,,20
1898,711,,41
1899,13,,40
1900,96,,173
1901,96,,595
1902,13,,29
1903,25,,60
1904,21,,153
1905,173,31,1587
1905,698,49,2450
1906,96,,2537
1907,687,101,2525
1907,721,84,2016
1907,727,27,1080
1907,728,98,3920
1907,729,50,2000
1908,508,131,2030
1908,509,100,1900
1908,515,127,3246
1908,522,117,4329
1908,548,73,1934
1908,549,129,3225
1908,584,73,1962
1908,615,55,1255
1908,707,53,3233
1909,508,163,2526
1909,509,124,2356
1909,515,159,4035
1909,522,147,5439
1909,548,92,2138
1909,549,160,4000
1909,584,92,2161
1909,615,68,1551
1909,707,55,3955
1910,96,,320
1911,13,,14
1912,96,,57
1913,711,,715
1914,96,,210
1915,96,,4
1916,96,,477
1917,96,,15
1918,96,,54
1919,96,,428
1920,96,,319
1921,96,,77
1922,96,,34
1923,96,,409
1924,13,,12
1925,96,,177
1926,21,,50
1927,96,,668
1928,96,,526
1929,21,,25
1930,13,,30
1931,96,,375
1932,96,,487
1933,96,,753
1934,96,,264
1935,698,,954
1936,721,120,2880
1937,729,63,2520
1937,733,33,1320
1938,735,190,2280
1939,697,120,3600
1940,147,18,162
1941,352,,2600
1942,711,,109
1943,711,,209
1944,96,,76
1945,13,,8
1946,96,,179
1947,13,,17
1948,352,,38
1949,96,,328
1950,13,,15
1951,96,,1145
1952,96,,676
1953,698,,587
1954,521,173,1525
1954,528,83,2581
1954,530,169,3434
1954,586,182,5217
1955,492,13,338
1955,493,13,351
1955,494,25,687
1955,496,63,2798
1955,497,25,640
1955,499,24,485
1955,502,50,776
1955,503,110,2495
1955,504,25,601
1955,507,75,1965
1955,531,41,688
1955,532,25,675
1955,533,25,675
1955,535,13,351
1955,537,25,647
1955,538,10,600
1955,541,26,702
1955,554,80,3520
1955,555,13,559
1955,556,50,880
1955,565,25,647
1955,568,69,3075
1955,569,13,351
1955,583,13,487
1955,588,25,674
1955,595,25,675
1955,596,19,536
1955,688,34,651
1956,352,,18700
1957,96,,1714
1958,698,,587
1959,352,,36
1960,352,,179
1961,96,,109
1962,96,,1522
1963,352,,76
1964,96,,354
1965,96,,1714
1966,711,,271
1967,352,,85
1968,96,,321
1969,96,,774
1970,521,215,9352
1970,528,125,3226
1970,530,211,4262
1970,586,226,6410
1971,729,37,1480
1971,735,153,1836
1972,542,50,657
1973,28,10,80
1974,373,62,389
1975,698,,2100
1976,352,,1710
1977,96,,152
1978,711,,438
1979,96,,573
1980,96,,1739
1981,96,,46
1982,96,,4
1983,352,,185
1984,352,,2278
1985,96,,2159
1986,96,,3366
1987,711,,338
1988,508,163,2525
1988,515,189,4845
1988,518,92,2484
1988,520,92,2484
1988,546,304,3344
1989,736,87,2610
1990,96,,140
1991,96,,85
1992,352,,70
1993,96,,329
1994,711,,56
1995,352,,337
1996,737,,462
1997,96,,173
1998,96,,1445
1999,352,,85
2000,737,,100
2001,352,,193
2002,96,,30
2003,21,,701
2004,96,,2895.25
2005,721,150,3600
2006,508,131,2030
2006,515,153,3901
2006,518,73,1998
2006,519,73,1971
2006,546,240,2640
2006,584,73,1979
2006,736,69,2100
2007,729,65,2600
2008,739,81,3240
2010,740,20,1160
2010,741,40,320
2011,352,,511
2012,711,,535
2013,96,,943
2014,468,,1203
2015,96,,30
2016,352,,461
2017,352,,638
2018,737,,295
2019,737,,186
2020,352,,47
2021,352,,223
2022,96,,33
2023,96,,326
2024,352,,138
2025,352,,104
2026,96,,26
2027,711,,150
2028,96,,46
2029,96,,31
2030,737,,793
2031,96,,11
2032,13,,489
2033,96,,801
2034,96,,291
2035,96,,111
2036,96,,1941
2037,352,,114
2038,96,,470
2039,737,,363
2040,96,,43
2041,96,,20
2042,96,,84
2043,711,,311
2044,96,,210
2045,96,,1204
2046,737,,186
2047,96,,692
2048,711,,185
2049,96,,3457
2050,352,,2302
2051,352,,5393
2052,352,,451
2053,96,,230
2054,96,,282
2055,513,60,2623
2055,520,73,1998
2055,521,116,5104
2055,548,73,1961
2055,549,129,3225
2055,586,182,5217
2055,615,55,1255
2057,711,,152
2058,352,,66
2059,96,,361
2060,96,,490
2061,352,,70
2062,737,,513
2063,96,,368
2064,711,,154
2065,96,,633
2066,352,,225
2067,352,,71
2068,352,,268
2069,352,,50
2070,352,,311
2071,352,,127
2072,96,,267
2073,521,122,5368
2073,548,92,2438
2073,549,160,4000
2073,584,92,2461
2073,586,226,6479
2073,615,68,1551
2074,468,,858
2075,352,,31
2076,96,,780
2077,711,,62
2078,352,,13251
2079,352,,55
2080,96,,482
2081,737,,294
2082,96,,518
2083,96,,148
2084,96,,319
2085,352,,108
2086,352,,262
2087,737,,331
2088,352,,132
2089,96,,2196
2090,737,,581
2091,96,,834
2092,96,,70
2093,352,,45
2094,96,,834
2095,737,,581
2096,96,,361
2097,352,,70
2098,96,,215
2099,352,,70
2100,96,,12
2101,711,,726
2102,352,,142
2103,96,,51
2104,96,,510
2105,352,,120
2106,737,,51
2107,96,,120
2108,352,,21
2109,711,,71
2110,96,,370
2111,352,,30
2112,96,,340
2113,96,,100
2114,691,,600
2115,711,,99
2116,96,,80
2117,96,,7
2118,96,,80
2119,96,,611
2120,96,,558
2121,711,,28
2122,96,,373
2123,96,,83
2124,352,,91
2125,493,13,350
2125,494,25,687
2125,495,25,675
2125,496,80,3600
2125,497,25,640
2125,500,40,603
2125,505,13,559
2125,507,75,2029
2125,532,25,660
2125,533,25,675
2125,535,13,351
2125,538,10,600
2125,541,13,351
2125,554,80,3520
2125,556,40,692
2125,565,25,647
2125,568,80,3480
2125,569,13,351
2125,583,13,487
2125,588,25,675
2125,595,25,675
2125,601,25,625
2125,620,25,678
2125,658,40,816
2125,701,13,542
2126,528,33,825
2126,586,80,1320
2126,598,115,5060
2126,615,55,1255
2126,678,102,1479
2126,700,40,1060
2126,707,53,3233
2127,96,,3307
2129,745,28,490
2130,515,189,4845
2130,598,144,6336
2130,615,68,1496
2130,678,127,1841
2130,700,49,1325
2130,707,65,4026
2130,745,35,612
2130,746,100,1650
2131,96,,690
2132,96,,548
2133,743,150,3600
2134,729,27,1080
2134,744,31,930
2135,733,34,1360
2135,744,39,1170
2136,542,75,975
2137,697,120,3215
2138,743,169,4056
2139,96,,4
2140,352,,52
2141,711,,83
2142,96,,913
2143,352,,21
2144,96,,1277
2145,96,,108
2146,711,,145
2147,96,,474
2148,96,,870
2149,352,,40
2150,711,,86
2151,96,,123
2152,96,,433
2153,352,,59
2154,96,,690
2155,711,,49
2156,96,,548
2157,96,,632
2158,352,,48
2159,96,,22
2160,352,,70
2161,711,,158
2162,96,,193
2163,96,,633
2164,96,,74
2165,711,,108
2166,352,,616
2167,96,,314
2168,96,,559
2169,711,,115
2170,352,,84
2171,96,,313
2172,96,,229
2173,352,,97
2174,96,,239
2175,711,,93
2176,96,,299
2177,96,,288
2178,352,,38
2179,711,,203
2180,96,,287
2181,352,,411
2182,711,,77
2183,352,,41
2184,96,,477
2185,352,,54
2186,352,,5649
2187,96,,1894
2188,542,,1300
2188,747,50,350
2189,53,50,700
2189,96,50,700
2189,123,50,750
2189,747,150,1050
2190,720,94,2162
2191,720,76,1748
2191,743,234,5616
2193,514,60,2623
2193,517,73,1998
2193,519,74,1998
2193,520,73,1998
2193,530,148,3009
2193,586,181,4990
2193,669,69,1960
2193,709,100,2700
2193,746,80,1320
2193,748,162,4529
2195,352,,278
2196,514,76,3225
2196,517,92,2484
2196,519,92,2484
2196,520,92,2484
2196,584,133,3557
2196,586,227,6479
2196,669,87,2436
2196,709,124,3348
2196,748,202,5647
2197,352,,28
2198,711,,191
2199,96,,181
2200,96,,509
2201,352,,361
2202,96,,628
2203,711,,148
2204,96,,826
2205,96,,147
2206,352,,42
2207,711,,90
2208,96,,340
2209,96,,139
2210,711,,68
2211,96,,276
2212,352,,112
2213,711,,138
2214,96,,213
2215,96,,29947
2216,21,,2589
2216,28,90,720
2216,358,12,1260
2216,394,324,1296
2216,697,150,4500
2216,698,90,3903
2216,741,144,864
2217,743,234,5616
2218,96,,2286
2219,96,,585
2220,96,,419
2221,96,,585
2222,96,,199
2223,711,,150
2224,96,,394
2225,28,,92
2226,96,,292
2227,711,,181
2228,352,,40
2229,96,,292
2230,96,,180
2231,96,,293
2232,711,,129
2233,96,,316
2234,96,,161
2236,492,13,351
2236,493,13,357
2236,494,25,687
2236,496,50,1900
2236,497,23,589
2236,498,25,636
2236,499,47,949
2236,500,15,206
2236,503,111,2519
2236,507,43,1121
2236,532,25,659
2236,538,7,420
2236,541,13,348
2236,568,44,1969
2236,569,13,344
2236,575,42,609
2236,601,25,625
2236,658,26,530
2236,686,25,636
2236,690,25,700
2237,691,,34
2238,170,75,2400
2239,352,,72
2240,711,,130
2241,352,,41
2242,96,,270
2243,96,,600
2244,96,,188
2245,711,,145
2246,96,,459
2247,96,,706
2248,96,,6388
2249,488,188,6594
2249,489,5,196
2250,697,90,2411.25
2251,711,,160
2252,96,,248
2253,96,,489
2254,515,153,3901
2254,518,74,1998
2254,530,148,3009
2254,738,124,1320
2254,745,28,490
2254,746,80,1320
2254,750,74,1998
2255,518,92,2484
2255,530,185,3737
2255,738,148,1672
2255,745,35,612
2255,746,100,1650
2255,750,92,2484
2256,96,,373
2257,711,,185
2258,96,,564
2259,96,,16
2260,96,,348
2261,711,,107
2262,352,,54
2263,352,,88
2264,96,,438
2265,96,,256
2266,96,,16
2267,352,,50
2268,646,74,2849
2269,21,,1494
2269,697,60,1800
2269,698,,2461
2269,752,30,930
2269,753,12,240
2269,754,120,3360
2269,755,60,840
2269,756,88,2288
2269,757,36,648
2269,758,,1719
2270,96,,592
2271,96,,877
2272,96,,374
2273,96,,2423
2274,702,87,3480
2275,702,109,4360
2276,515,127,3238
2276,586,114,3268
2276,615,55,1255
2276,668,28,616
2276,746,80,1320
2277,515,158,4029
2277,586,141,4042
2277,615,68,1551
2277,668,35,770
2277,746,100,1650
2278,711,,127
2279,352,,72
2280,711,,58
2281,352,,39
2282,96,,271
2283,96,,732
2284,96,,334
2285,711,,180
2286,96,,543
2287,96,,341
2288,352,,62
2289,711,,142
2290,96,,273
2291,96,,241
2292,96,,356
2293,711,,116
2294,96,,429
2295,96,,562
2296,96,,267
2297,352,,37
2298,711,,68
2299,96,,449
2300,96,,281
2301,352,,32
2302,96,,362
2303,711,,95
2304,96,,542
2305,96,,431
2306,755,42,588
2306,756,88,2376
2306,764,,2071
2306,765,42,2152
2306,766,26,793
2306,767,210,1260
2307,720,76,3800
2307,763,49,2450
2308,720,94,4700
2308,763,60,3000
2310,508,131,2030
2310,517,74,1998
2310,520,74,1998
2310,522,118,4366
2310,678,102,1479
2310,738,121,1331
2310,768,136,3802
2310,769,202,7716
2311,352,,7949
2312,96,,291
2313,96,,390
2314,711,,118
2315,96,,159
2316,96,,344
2317,352,,66
2318,711,,166
2319,96,,138
2320,96,,324
2321,96,,535
2322,711,,81
2323,96,,197
2324,96,,199
2325,352,,13627
2327,96,,2298
2328,508,163,2526
2328,517,92,2484
2328,520,92,2484
2328,522,131,4847
2328,598,251,9588
2328,709,170,4753
2328,738,151,1661
2329,96,,632
2330,96,,293
2331,352,,146
2332,711,,459
2333,96,,459
2334,96,,278
2335,96,,652
2336,646,171,3510
2336,759,37,296
2336,767,63,378
2337,96,,7266
2337,754,108,2052
2338,13,,52
2339,13,,15
2340,96,,35
2341,96,,33
2342,711,,89
2343,96,,245
2344,96,,930
2345,96,,16
2346,352,,95
2347,711,,118
2348,96,,411
2349,96,,303
2350,96,,701
2351,711,,218
2352,96,,293
2353,352,,576
2354,96,,308
2355,96,,210
2356,352,,44
2357,96,,44
2358,96,,205
2359,711,,103
2360,711,,178
2361,96,,287
2362,96,,460
2363,692,28,1260
2363,735,143,1716
2364,692,34,1530
2364,735,180,2160
2365,509,100,1900
2365,513,62,2666
2365,547,70,1960
2365,548,74,1961
2365,549,129,3225
2365,647,236,7670
2365,700,180,4770
2365,707,53,3233
2365,769,124,4736
2366,509,124,2356
2366,513,78,3354
2366,547,86,2408
2366,548,92,2438
2366,549,160,4000
2366,647,293,9522
2366,700,224,5936
2366,707,65,4026
2366,774,155,5921
2367,492,13,338
2367,493,13,348
2367,494,25,693
2367,496,75,2865
2367,497,25,640
2367,499,25,505
2367,500,43,634
2367,502,85,1991
2367,503,29,679
2367,507,75,1955
2367,531,37,632
2367,532,25,675
2367,533,25,675
2367,535,13,357
2367,537,25,600
2367,538,10,600
2367,541,13,348
2367,554,150,5925
2367,556,43,757
2367,565,25,600
2367,569,26,688
2367,583,22,825
2367,595,25,683
2367,601,25,625
2367,690,25,600
2367,701,11,459
2368,706,44,352
2369,96,,18
2370,352,,72
2371,352,,26
2372,13,,14
2373,461,20,520
2373,747,20,140
2373,772,30,270
2374,687,28,1120
2374,763,87,4350
2375,687,35,1400
2375,763,107,5350
2376,646,63,4458
2376,767,140,840
2376,773,60,1590
2376,775,264,4458
2376,776,180,720
2376,777,727,3412
2377,13,,10
2378,173,,969
2379,108,,1032
2380,96,,248
2381,96,,2890
2382,513,57,2451
2382,514,75,3225
2382,517,92,2484
2382,530,185,3737
2382,548,92,2438
2382,678,127,1841
2382,774,39,1489
2382,778,28,742
2383,513,45,1935
2383,514,61,2623
2383,517,74,1998
2383,530,149,3009
2383,548,74,1961
2383,678,102,1479
2383,769,202,7716
2383,774,31,1184
2383,778,23,609
2384,779,48,576
2385,352,,1364
2386,13,,21
2387,13,,57
2388,96,,283
2389,96,,382
2390,96,,610
2391,96,,315
2392,352,,77
2393,711,,201
2394,96,,22
2395,96,,277
2396,96,,445
2397,96,,206
2398,711,,110
2399,96,,901
2400,96,,832
2401,96,,147
2402,352,,16
2403,352,,24
2404,711,,228
2405,96,,362
2406,13,,16
2407,96,,348
2408,13,,16
2409,711,,120
2410,13,,26
2411,96,,698
2412,711,,131
2413,13,,28
2414,96,,928
2415,13,,24
2416,13,,12
2417,508,262,4061
2417,510,139,3753
2417,514,61,2623
2417,520,74,1665
2417,549,129,3225
2417,669,123,1960
2417,678,122,1769
2417,707,66,3870
2418,508,326,5053
2418,510,173,4671
2418,514,75,3225
2418,520,92,2484
2418,549,160,4000
2418,669,86,2408
2418,678,152,2204
2418,707,82,4810
2419,687,79,1975
2419,720,238,5950
2419,780,135,1620
2420,687,98,2450
2420,720,296,7400
2420,735,337,4044
2420,780,168,2016
2423,781,247,3538
2424,96,,287
2425,352,,53
2426,711,,159
2427,96,,311
2428,352,,82
2429,96,,607
2430,352,,26
2431,711,,136
2432,13,,23
2433,352,,40
2434,352,,50
2435,96,,311
2436,96,,439
2437,711,,59
2438,96,,491
2439,96,,176
2440,352,,9
2441,711,,103
2442,96,,532
2443,691,,375
2444,96,,488
2445,96,,505
2446,711,,114
2447,96,,20
2448,96,,332
2449,96,,247
2450,352,,89
2451,96,,164
2452,96,,305
2453,13,,18
2454,96,,587
2455,96,,445
2456,711,,149
2457,96,,2175
2458,13,,50
2459,13,,78
2460,352,,21
2461,711,,181
2462,96,,320
2463,13,,18
2464,13,,96
2465,13,,24
2466,96,,236
2467,13,,37
2468,96,,262
2469,711,,100
2470,96,,641
2471,96,,405
2472,352,,21
2473,13,,135
2474,711,,154
2475,96,,395
2476,96,,274
2478,352,,365
2479,13,,132
2480,96,,211
2481,711,,137
2482,96,,496
2483,352,,24
2484,13,,120
2485,711,,130
2486,96,,307
2487,13,,24
2488,96,,663
2489,542,100,1300
2490,702,215,8600
2490,763,278,13900
2490,782,228,5472
2491,96,,1931
2492,508,262,4060
2492,513,45,1935
2492,517,145,3969
2492,677,145,1297
2493,784,45,1258
2494,492,13,358
2494,493,11,297
2494,494,24,666
2494,496,75,2865
2494,497,24,615
2494,498,25,600
2494,499,22,445
2494,503,109,2474
2494,507,70,1825
2494,531,50,854
2494,532,25,660
2494,533,25,675
2494,535,10,275
2494,538,9,540
2494,541,11,303
2494,554,150,5925
2494,555,13,559
2494,556,50,955
2494,565,24,576
2494,569,24,636
2494,583,7,308
2494,588,25,650
2494,595,25,675
2494,601,25,625
2494,688,43,877
2494,690,25,675
2494,701,12,501
2495,13,,32
2496,21,,250
2497,13,,152
2498,21,,190
2499,96,,197
2500,352,,27
2501,13,,40
2502,352,,15
2503,13,,73
2504,96,,252
2505,96,,504
2506,96,,336
2507,711,,156
2508,13,,10
2509,96,,1496
2510,96,,551
2511,711,,56
2512,96,,213
2513,13,,74
2514,96,,209
2515,352,,85
2516,13,,100
2517,13,,131
2518,711,,132
2519,96,,657
2520,21,,38
2521,96,,242
2522,96,,442
2523,711,,145
2524,96,,498
2525,96,,672
2526,13,,161
2527,13,,108
2528,21,,110
2529,13,,89
2530,13,,145
2531,691,,28
2532,508,326,5053
2532,513,57,2451
2532,517,183,4941
2532,530,216,5507
2532,677,181,2353
2532,784,57,1593
2534,13,,45
2537,761,50,2500
2537,720,110,2640
2537,743,94,2256
2537,721,29,696
2537,768,15,600
2537,767,43,1161
2538,761,76,3800
2538,720,137,3288
2538,768,40,760
2538,743,116,2784
2538,767,53,1431
2539,770,,3260
2540,598,186,7104
2540,519,49,1323
2540,513,45,1935
2540,677,145,1885
2540,707,13,637
2540,760,132,3690
2541,771,23,609
2543,96,,269
2544,352,,42
2545,96,,213
2546,352,,12
2547,96,,16
2548,96,,578
2549,711,,163
2550,352,,56
2551,352,,59
2552,96,,244
2553,758,,361
2554,96,,235
2555,96,,47
2556,711,,171
2557,96,,203
2558,96,,19
2559,352,,43
2560,96,,172
2561,96,,506
2562,96,,611
2563,96,,344
2564,96,,35
2565,352,,102
2566,711,,462
2567,96,,183
2568,96,,345
2569,96,,518
2570,96,,25
2571,96,,586
2572,352,,99
2573,96,,560
2574,96,,455
2575,96,,433
2576,96,,131
2577,96,,258
2578,352,,48
2579,352,,160
2580,711,,595
2581,352,,22
2582,758,,865
2583,96,,535
2584,96,,205
2585,96,,346
2586,96,,836
2587,96,,273
2588,96,,627
2589,96,,833
2590,598,232,8862
2590,772,155,5921
2590,519,61,1647
2590,771,28,742
2590,513,57,2451
2590,707,16,784
2590,760,170,4753
2590,677,181,1417
2592,774,,1342
2593,758,,1000
2594,737,,228
2594,2,,208
2594,96,,1367
2596,96,,45
2597,758,,168
2598,96,,289
2599,711,,246
2600,758,,200
2601,352,,291
2602,96,,316
2603,96,,111
2604,96,,211
2605,758,,736
2606,758,,168
2607,96,,543
2608,711,,71
2609,96,,9
2610,96,,206
2611,96,,460
2612,352,,88
2613,711,,115
2614,96,,251
2615,96,,494
2616,352,,85
2617,96,,2268.2
2618,529,115,3335
2618,530,185,3737
2618,512,86,2386
2618,631,86,2408
2618,598,155,5921
2618,517,92,2484
2618,707,66,4026
2618,700,100,2649
2619,777,226,9040
2619,721,70,1680
2619,735,337,4044
2620,96,,449
2621,711,,129
2622,96,,399
2623,352,,24
2624,352,,444
2625,711,,134
2626,352,,30
2627,96,,380
2628,775,,822
2629,96,,248
2630,96,,438
2631,711,,105
2632,352,,320
2633,96,,581
2634,352,,180
2635,96,,555
2636,352,,221
2637,352,,281
2638,96,,120
2639,775,,236
2640,352,,439
2641,352,,1111
2642,352,,36
2643,352,,1223
2644,352,,47
2645,352,,24244
2646,352,,2841
2647,96,,67
2649,352,,30
2650,352,,242
2651,96,,798
2652,352,,23
2653,96,,644
2654,352,,42
2655,352,,184
2656,96,,399
2657,96,,694
2658,96,,197
2659,352,,81
2660,96,,1270
2661,96,,494
2662,352,,75
2663,96,,266
2664,352,,197
2665,96,,1
2666,352,,34
2667,96,,2898
2668,770,115,1725
2669,96,,274
2670,721,69,1656
2670,702,66,2640
2670,777,69,2760
2671,786,64,2560
2672,96,,6883
2673,96,,5015
2675,352,,10355
2676,96,,151
2677,96,,436
2678,96,,1001
2679,352,,235
2680,352,,29
2681,96,,355
2683,352,,48
2684,96,,470
2685,96,,543
2686,352,,366
2687,96,,614
2688,96,,315
2689,352,,225
2690,352,,47
2691,352,,40
2692,352,,96
2693,352,,158
2694,96,,397
2695,352,,190
2696,352,,25
2697,352,,68
2698,352,,8
2699,96,,595
2700,96,,836
2701,96,,358
2702,352,,7
2703,352,,35
2704,352,,80
2705,777,140,5600
2705,702,32,1280
2705,786,25,1000
2705,714,22,880
2705,720,124,3100
2706,788,100,3000
2707,702,33,1320
2707,786,39,1560
2707,777,134,5360
2707,714,23,920
2707,720,135,3240
2707,788,80,2400
2708,747,30,105
2709,352,,2304
2710,96,,78
2711,352,,39
2712,96,,498
2713,352,,42
2714,96,,465
2715,96,,629
2716,352,,165
2717,96,,718
2718,96,,932
2719,352,,256
2720,96,,396
2721,352,,186
2722,96,,640
2723,776,,1512
2724,352,,57
2725,352,,183
2726,96,,498
2727,96,,930
2728,352,,474
2729,352,,109
2730,598,212,8097
2730,668,104,2288
2730,517,122,3294
2730,518,61,1647
2730,676,90,2340
2730,746,547,9025
2730,514,75,3225
2730,677,36,468
2730,516,128,3200
2731,96,,4
2732,789,232,8862
2732,529,115,3335
2732,517,126,2538
2732,703,28,742
2732,530,143,2887
2732,760,203,5675
2732,519,61,1647
2732,677,132,1716
2733,96,,2738
2734,96,,250
2735,724,13,351
2735,565,50,1310
2735,537,25,600
2735,500,50,737
2735,688,50,958
2735,583,13,598
2735,496,77,2926
2735,499,50,1011
2735,531,50,349
2735,492,13,350
2735,535,13,358
2735,532,26,702
2735,494,26,712
2735,541,713,346
2735,569,13,2811
2735,503,120,2811
2735,596,26,728
2735,505,13,559
2735,502,50,750
2735,504,25,575
2735,495,26,702
2735,568,77,2926
2735,533,26,689
2735,588,26,702
2735,554,77,3041
2735,493,13,351
2735,507,75,1965
2735,538,10,600
2736,769,,250
2737,770,110,1740
2738,790,,2327
2738,792,,844
2738,791,,3303
2739,788,260,7800
2739,793,180,4320
2739,777,69,2760
2739,761,160,8000
2741,794,450,1125
2742,752,60,780
2743,96,,466
2744,352,,44
2745,352,,21
2746,96,,760
2747,96,,626
2748,352,,56
2749,96,,207
2750,96,,386
2751,96,,1024
2752,352,,76
2753,96,,642
2754,352,,198
2755,96,,658
2756,352,,529
2757,352,,40
2758,96,,542
2759,96,,9
2760,352,,61
2761,96,,438
2762,96,,726
2763,352,,26
2764,96,,2963
2765,96,18,564
2766,352,,62
2767,352,,24
2768,96,,275
2769,96,,811
2770,96,,527
2771,352,,58
2772,96,,438
2773,96,,34
2774,96,,618
2775,96,,733
2776,96,,499
2777,96,,573
2778,352,,106
2779,352,,33
2780,352,,62
2781,96,,481
2782,352,,30
2783,96,,558
2784,96,,989
2785,96,,287
2786,96,,620
2787,352,,49
2788,352,,42
2789,352,,200
2790,761,202,10100
2791,598,171,6532
2791,771,107,2411
2791,746,480,7920
2791,795,70,1942
2791,548,74,1961
2791,523,74,1998
2791,508,131,2030
2792,598,212,8097
2792,771,113,2994
2792,746,597,9850
2792,795,86,2386
2792,548,92,2438
2792,523,92,2484
2792,508,163,2526
2792,549,160,4000
2793,96,72,648
2794,352,,25
2795,96,,594
2796,96,,895
2797,352,,373
2798,352,,45
2799,777,180,7200
2800,791,45,775
2801,796,20,300
2802,790,,2452
2802,792,,2573
2802,791,,2098
2803,96,,95
2804,96,,2879
2805,96,,6007
2806,96,,290
2807,96,,431
2808,352,,115
2809,352,,250
2810,352,,47
2811,96,,182
2812,352,,5
2813,96,,329
2814,96,,690
2815,352,,23
2816,96,,297
2818,2,,85
2820,517,98,2646
2820,686,127,3238
2820,513,45,1719
2820,677,145,1885
2820,549,111,2775
2821,798,82,1564
2823,497,26,668
2823,799,30,675
2823,688,45,862
2823,724,13,351
2823,500,52,766
2823,537,23,586
2823,531,4,68
2823,583,7,322
2823,569,13,344
2823,554,113,4322
2823,496,123,4675
2823,494,21,582
2823,503,115,2610
2823,502,20,270
2823,541,13,350
2823,533,13,357
2823,601,24,600
2823,690,13,390
2823,535,13,357
2823,504,20,598
2823,532,8,218
2823,492,9,247
2823,505,13,559
2823,493,9,243
2823,588,13,350
2823,507,76,1986
2823,538,10,631
2824,789,105,4011
2824,598,243,9282
2824,668,57,1254
2824,517,122,3294
2824,703,43,1139
2824,676,36,936
2824,686,158,4029
2824,746,239,6333
2824,548,92,2438
2824,513,57,2177
2824,677,181,2353
2824,798,102,1945
2825,352,,1105
2825,758,5,220
2825,756,50,2500
2826,96,,775
2827,352,,68
2828,96,,280
2829,352,,35
2830,96,,738
2831,352,,191
2832,96,,476
2833,96,,29
2834,96,,415
2835,96,,767
2836,352,,8
2837,96,,443
2838,96,,477
2839,96,,21
2840,352,,70
2841,352,,41
2842,96,,110
2843,352,,87
2844,96,,453
2845,96,,528
2846,352,,91
2847,96,,536
2848,711,,113
2849,352,,14
2850,96,,320
2851,352,,64
2852,96,,111
2853,96,,655
2854,711,,154
2855,785,,31
2856,796,,918
2857,806,5,90
2857,791,,3355
2857,352,,708
2858,777,136,6520
2859,96,,278
2860,720,259,5957
2861,756,,2285
2862,96,,2433
2863,518,92,2484
2863,772,209,7983
2863,517,187,5049
2863,809,143,3861
2863,795,473,13125
2863,810,54,2538
2864,659,26,663
2864,504,26,598
2864,556,52,993
2864,565,24,625
2864,531,35,598
2864,503,70,1589
2864,569,13,344
2864,493,13,351
2864,494,21,582
2864,496,66,2508
2864,533,13,357
2864,595,26,715
2864,505,13,559
2864,690,25,750
2864,532,12,330
2864,568,80,3040
2864,588,26,701
2864,502,26,403
2864,535,13,357
2864,541,13,357
2864,507,49,1283
2864,538,9,568
2864,696,52,1430
2865,96,,284
2866,352,,55
2867,785,,31
2868,96,,385
2869,711,,81
2870,96,,597
2871,352,,57
2872,96,,212
2873,96,,504
2874,352,,141
2875,711,,137
2876,96,,196
2877,96,,256
2878,96,,726
2879,711,,91
2880,352,,24
2881,96,,916
2882,711,,233
2883,96,,328
2884,96,,414
2885,96,,486
2886,352,,22
2887,96,,441
2888,96,,462
2889,711,,294
2890,352,,30
2891,96,,397
2892,352,,473
2893,813,25,675
2894,96,,408
2895,96,,981
2896,711,,148
2897,352,,15
2898,96,,485
2899,96,,1258
2900,757,,20
2901,352,,100
2902,711,,192
2903,96,,311
2904,96,,3
2905,96,,398
2906,96,,784
2907,711,,23
2908,352,,85
2910,814,143,3432
2911,96,,1759
2912,770,,1860
2913,791,,1950
2914,746,280,4620
2914,520,25,955
2914,795,278,7714
2914,685,155,5921
2914,508,131,2030
2914,549,129,3225
2914,510,70,1890
2914,669,70,1960
2915,96,,459
2916,757,,31
2917,352,,67
2918,96,,793
2919,352,,50
2920,711,,63
2921,96,,409
2922,814,,3432
2923,96,,297
2924,96,,482
2925,711,,80
2926,352,,46
2927,96,,336
2928,785,,31
2929,711,,105
2930,96,,179
2931,96,,8
2932,352,,158
2933,96,,222
2934,352,,7313
2935,352,,63
2936,711,,208
2937,96,,217
2938,352,,303
2939,746,348,5742
2939,520,31,1184
2939,795,346,9601
2939,685,193,7372
2939,508,163,2526
2939,549,160,4000
2939,510,86,2322
2939,669,86,2408
2939,517,92,2484
2939,523,92,2484
2940,96,,398
2941,352,,63
2942,757,,41
2943,352,,25
2944,711,,199
2945,96,,245
2946,96,,8
2947,96,,392
2948,96,,334
2949,711,,73
2950,96,,192
2951,352,,18
2952,711,,202
2953,96,,586
2954,785,,8
2955,352,,25
2956,352,,164
2957,352,,303
2958,96,,460
2959,96,,4585
2960,810,41,1927
2960,809,98,2646
2960,517,74,1998
2960,523,196,5292
2960,677,145,1885
2960,798,102,1482
2960,519,49,1323
2960,513,61,2623
2961,810,52,244
2961,809,122,3294
2961,677,181,2353
2961,798,127,1845
2961,519,61,1647
2961,523,244,6588
2961,513,75,3225
2961,517,92,2484
2962,96,,129
2963,96,,1716
2964,770,34,624
2965,770,135,1965
2966,791,,2716
2967,96,,514
2968,711,,72
2969,352,,43
2970,96,,260
2971,96,,292
2972,785,,3
2973,352,,41
2974,711,,130
2975,96,,185
2976,96,,258
2977,96,,165
2978,96,,385
2979,96,,274
2980,711,,224
2981,96,,303
2983,96,,282
2984,795,139,3857
2984,685,155,5921
2985,749,195,5265
2985,795,173,4800
2985,685,193,7372
2985,517,165,4455
2986,824,,7442
2986,725,100,1625
2987,770,,502
2988,786,69,2760
2989,791,,14293
2990,96,,2038
2991,749,195,5265
2991,795,173,4800
2991,685,193,7372
2991,517,165,4455
2992,96,,397
2993,785,,81
2994,96,,378
2995,711,,86
2996,96,,576
2997,96,,344
2998,352,,98
2999,96,,309
3000,785,,18
3001,711,,140
3002,96,,504
3003,96,,220
3004,352,,66
3005,711,,117
3006,352,,24
3007,352,,179
3008,96,,160
3009,352,,342
3010,352,,40
3011,711,,94
3012,96,,41
3013,352,,31
3014,352,,123
3015,711,,98
3016,352,,53
3017,96,,17
3018,96,,544
3019,756,,660
3020,96,,325
3021,96,,688
3022,711,,213
3023,96,,754
3024,96,,184
3025,352,,30
3026,711,,220
3027,96,,213
3028,775,,26
3029,96,,333
3030,96,,626
3031,711,,153
3032,352,,115
3033,352,,54
3034,96,,501
3035,96,,565
3036,711,,181
3037,96,,460
3038,352,,97
3039,96,,13
3040,96,,52
3041,96,,385
3042,96,,441
3043,711,,123
3044,785,,15
3045,784,,770
3046,687,,103
3047,96,,612
3048,711,,220
3049,352,,602
3050,352,,49
3051,96,,397
3052,96,,590
3053,711,,513
3054,96,,1218
3055,352,,108
3056,96,,1087
3057,826,,29
3058,826,,63
3059,352,,252
3060,791,25,377
3061,747,60,420
3061,752,28,364
3062,796,139,2143
3063,791,,2491
3063,775,,1921
3064,795,496,13392
3064,514,136,5848
3064,798,274,5752
3064,720,255,3498
3064,549,289,4225
3064,517,165,4455
3064,547,70,1960
3066,826,,76
3067,96,,1820
3068,770,25,377
3069,777,90,3600
3070,497,26,668
3070,492,13,358
3070,556,52,900
3070,531,39,655
3070,659,26,667
3070,568,80,3040
3070,537,26,662
3070,493,13,351
3070,688,45,862
3070,601,26,624
3070,724,13,351
3070,504,26,599
3070,495,26,702
3070,588,26,676
3070,595,26,716
3070,535,13,358
3070,505,13,559
3070,499,26,526
3070,541,13,348
3070,532,26,657
3070,533,26,717
3070,496,80,3040
3070,554,80,3160
3070,583,13,598
3070,569,13,358
3070,494,26,676
3070,538,10,600
3070,507,73,1912
3070,565,26,665
3071,832,78,2153
3072,756,,2013
3073,514,75,3225
3074,826,,59
3075,826,,170
3076,826,,270
3077,826,,84
3078,96,,21
3079,96,,4996
3080,352,,94
3081,711,,899
3082,96,,2934
3083,826,,23
3084,826,,194
3085,352,,32
3086,96,,320
3087,352,,73
3088,826,,12
3089,352,,247
3090,352,,248
3091,826,,90
3092,826,,88
3093,774,17,541
3094,784,,141
3095,784,,187
3096,834,45,1665
3096,831,180,720
3096,814,45,1395
3096,775,45,1350
3096,758,36,1260
3096,756,36,1080
3096,759,25,1075
3097,752,30,390
3097,747,30,210
3097,796,20,540
3098,826,,45
3099,826,,241
3100,826,,25
3101,96,,1312
3102,826,,618
3103,826,,94
3105,826,,77
3106,96,,19
3107,833,,97
3108,826,,36
3109,826,,484
3110,352,,249
3111,96,,2989
3112,96,,4699
3113,711,,689
3114,826,,812
3115,352,,248
3116,711,,160
3117,96,,613
3118,352,,171
3119,352,,41
3120,96,,171
3121,96,,316
3122,826,,153
3123,826,,85
3124,826,,30
3125,826,,1058
3126,96,,792
3128,756,,1594
3128,790,11,231
3128,831,23,92
3128,775,,1000
3129,836,,101
3130,352,,365
3131,796,23,158
3132,796,19,315
3133,796,35,245
3134,510,156,4212
3134,685,95,3629
3134,517,165,4455
3135,792,,8059
3135,790,,1415
3135,791,165,1392
3136,96,,2162
3137,826,,24
3138,826,,57
3141,352,,34
3142,826,,14
3143,96,,50
3144,826,,100
3145,711,,929
3146,96,,3478
3147,352,,226
3148,96,,222
3149,352,,50
3150,96,,2733
3151,833,,17
3152,826,,9
3153,826,,42
3154,826,,11
3155,352,,135
3156,826,,128
3157,352,,18
3158,352,,64
3159,826,,78
3160,775,,301
3161,352,,103
3162,96,,26
3163,96,,230
3164,96,,174
3165,826,,411
3166,826,,486
3167,96,,578
3168,96,,517
3169,711,,235
3170,96,,1266
3171,352,,76
3172,711,,366
3173,96,,852
3174,352,,114
3176,775,,5565
3177,826,,1058
3178,758,,1291
3179,826,,1138
3181,720,114,2736
3182,352,,163
3183,352,,322
3184,775,,958
3185,844,18,54
3185,845,18,90
3185,840,18,288
3185,846,18,90
3185,790,,1127
3185,792,,2597
3185,791,,1231
3186,796,,891
3188,847,6,300
3189,96,,1795
3190,352,,573
3192,352,,80
3193,96,,1145
3194,795,70,1942
3194,517,74,1998
3194,511,74,1979
3194,686,127,3238
3194,631,70,1960
3194,700,180,4320
3194,707,53,3233
3194,549,129,3225
3195,795,86,2386
3195,517,92,2484
3195,511,92,2461
3195,686,158,4029
3195,700,224,5376
3195,707,66,4026
3195,549,160,4000
3195,521,201,7638
3196,352,,556
3197,96,,33
3198,826,,28
3199,758,,247
3200,758,,159
3201,96,,197
3202,352,,45568
3203,814,54,1728
3205,352,,60
3206,352,,145
3207,352,,101
3208,711,,182
3209,96,,305
3210,352,,25
3211,352,,114
3212,96,,383
3213,96,,603
3214,352,,133
3215,711,,131
3216,826,,1138
3217,352,,65
3218,96,,1894
3219,96,,644
3220,711,,236
3221,352,,705
3222,352,,26
3223,352,,377
3224,352,,532
3225,352,,136
3226,96,,33
3227,96,,11
3228,352,,150
3229,352,,258
3230,352,,26
3231,352,,146
3232,96,,50
3233,352,,197
3234,352,,209
3235,352,,107
3236,352,,1909
3237,775,,1000
3238,790,,1728
3239,790,,1423
3239,792,,7088
3239,791,,1505
3239,846,18,90
3239,852,6,30
3239,851,6,114
3240,777,250,10000
3242,96,,1553
3243,352,,326
3244,814,,1620
3245,711,,549
3246,96,,536
3247,96,,754
3248,711,,268
3249,352,,67
3250,96,,4613
3251,352,,837
3252,96,,3676
3253,826,,132
3254,711,,571
3255,352,,67
3256,352,,1252
3257,352,,210
3258,352,,938
3259,352,,213
3260,352,,25
3261,352,,110
3262,352,,2034
3263,96,,32
3264,352,,30
3265,352,,66
3266,352,,39
3267,352,,34
3268,352,,47
3269,352,,692
3270,758,,10
3271,352,,460
3272,352,,16
3273,352,,24
3274,352,,49
3275,352,,1
3276,96,,14
3277,352,,489
3278,352,,338
3279,352,,74
3280,352,,659
3281,352,,134
3282,96,,7
3283,96,,100
3284,352,,110
3285,352,,16
3286,352,,40
3287,868,,222
3288,514,132,4896
3288,513,136,5848
3288,676,162,6966
3288,522,151,5587
3288,586,306,8773
3288,867,204,5385
3288,521,213,8094
3288,510,156,4212
3288,523,95,4275
3289,777,286,11440
3290,720,255,6120
3290,789,418,11286
3290,510,92,2484
3290,517,60,1620
3290,837,306,8262
3291,96,,2538
3292,96,,1240
3293,776,,9820
3294,352,,140
3295,352,,73
3296,352,,48
3297,352,,13
3298,96,,1005
3299,711,,674
3300,96,,2040
3301,352,,87
3302,352,,71
3303,352,,20
3304,96,,941
3305,826,,32
3306,758,,12
3307,96,,774
3308,352,,73
3309,96,,1854
3310,352,,71
3311,711,,229
3312,352,,56
3313,96,,1302
3314,96,,645
3315,352,,66
3316,352,,108
3317,798,274,4110
3317,586,306,8773
3317,519,165,4455
3317,676,108,2808
3317,809,165,4620
3317,584,165,4413
3317,647,353,10590
3318,777,209,8360
3318,761,85,4250
3318,871,114,4218
3319,96,,1039
3320,500,50,737
3320,556,100,1819
3320,832,147,4213
3320,532,25,688
3320,690,25,750
3320,541,25,669
3320,502,66,891
3320,554,73,2883
3320,533,25,688
3320,557,25,650
3320,535,25,687
3320,568,73,2774
3320,494,25,693
3320,595,25,650
3320,496,73,2774
3320,569,25,650
3321,96,,958
3322,796,55,935
3323,96,,4526
3324,96,,5941
3325,352,,208
3326,711,,1385
3327,352,,37
3328,352,,343
3329,352,,691
3330,352,,34
3331,352,,99
3332,352,,106
3333,352,,49
3334,352,,293
3335,775,50,2500
3336,791,,808
3337,777,241,9640
3338,510,315,8424
3338,837,357,9460
3338,549,289,7225
3338,676,109,2509
3338,586,123,3525
3339,711,,206
3340,96,,1673
3341,96,,1724
3342,711,,582
3343,352,,44
3344,352,,74
3345,352,,51
3346,352,,58
3347,761,217,10850
3348,600,37,1591
3348,507,74,1938
3349,96,,4292
3350,96,,3302
3351,352,,172
3352,96,,2225
3353,711,,1014
3354,352,,27
3355,352,,1842
3356,352,,4332
3357,96,,12
3358,96,,55
3359,352,,92
3360,756,,42
3361,869,,2376
3362,352,,61
3363,96,,161
3364,352,,111
3365,96,,971
3366,352,,88
3367,711,,155
3368,352,,1146
3369,96,,859
3370,774,,1520
3371,692,89,4005
3372,826,25,534
3372,791,,1461
3373,752,30,390
3374,720,255,6122
3374,837,93,2464
3375,96,,1095
3376,96,,1744
3377,696,884,25745
3378,352,,289
3379,776,,7992
3380,96,,2943
3381,96,,3819
3382,711,,952
3383,352,,126
3384,352,,66
3385,96,,224
3386,352,,318
3387,352,,21
3388,352,,259
3389,96,,15
3390,826,,22
3391,96,,5185
3392,711,,862
3393,96,,4410
3394,352,,161
3395,352,,574
3396,826,,59
3397,352,,69
3398,826,,10
3399,352,,18
3400,96,,4
3401,826,,118
3402,826,,112
3403,352,,61
3404,352,,44
3405,96,,9
3406,826,,30
3407,826,,9
3408,826,,7
3409,826,,11
3410,96,,379
3411,352,,210
3412,96,,24
3413,352,,124
3415,874,124,5702
3415,514,136,5845
3415,584,165,4413
3415,586,306,8769
3415,1,149,7315
3415,704,165,4455
3416,791,,4963
3416,833,,1610
3417,96,,3302
3418,352,,7588
3419,826,,12
3420,523,165,4455
3420,511,165,4413
3420,549,289,7227
3420,798,206,3934
3422,791,,1767
3422,833,,800
3423,352,,210
3424,711,,1306
3425,96,,89
3426,96,,4466
3427,352,,186
3428,96,,3812
3429,96,,32
3430,352,,43
3432,756,,3240
3433,756,,442
3434,826,,295
3435,352,,363
3436,352,,38
3437,352,,6
3438,826,,76
3439,756,,816
3440,756,,2794
3441,96,,448
3442,96,,12
3443,833,,167
3444,770,55,605
3445,96,,1005.1
3446,96,,2142.8
3447,756,,237
3451,774,,2638
3452,696,544,15238
3453,833,,109
3454,756,,336
3455,833,,47
3456,826,,18
3457,833,,76
3458,756,,307
3459,826,,69
3460,833,,58
3461,826,,25
3462,791,,1863
3462,883,24,3193
3463,826,,44
3464,96,,1128
3465,96,,2844
3466,879,30,600
3466,752,90,1170
3466,747,25,150
3466,849,27,621
3467,774,,1704
3468,833,,220
3469,826,,40
3470,352,,2512
3471,756,,4144
3472,96,,5480
3473,96,,5026
3474,833,,44
3475,826,,21
3476,711,,950
3477,352,,42
3478,826,,1077
3479,826,,90
3480,833,,151
3481,352,,42
3482,352,,97
3483,96,,17
3484,352,,9
3485,96,,545
3486,352,,106
3487,756,,2945
3488,96,,740
3489,352,,111
3490,790,,2600
3492,352,,79
3493,833,,45
3494,96,,10
3495,833,,44
3496,833,,310
3497,96,,386
3498,96,,562
3499,711,,132
3500,96,,220
3501,96,,1141
3502,869,,2658
3503,352,,64
3504,826,,29
3505,96,,234
3506,833,,145
3507,826,,74
3508,826,,243
3509,833,,135
3510,826,,29549
3511,695,,14825
3512,826,,34
3513,826,,21
3514,791,,1713
3514,792,,5820
3515,879,5,100
3515,770,5,70
3516,826,,276
3517,833,,151
3518,826,,40
3519,96,,1339
3520,96,,1957
3521,96,,308
3522,826,,292
3523,711,,1178
3524,826,,286
3525,826,,291
3526,96,,2907
3527,96,,2288
3528,826,,1652
3529,826,,508
3530,352,,143
3531,352,,72
3532,833,,1320
3533,352,,7
3534,352,,291
3535,96,,343
3536,352,,69
3537,523,165,4455
3537,669,156,4366
3537,514,136,5845
3537,707,119,7261
3537,572,274,5233
3537,508,334,5010
3538,826,,88
3539,352,,22
3540,826,,293
3541,826,,29
3542,833,,103
3543,826,,96
3546,826,,253
3547,96,,2876
3548,96,,1034
3549,826,,287
3550,352,,98
3551,711,,409
3552,888,,2481
3553,826,,965
3555,888,,7504
3556,826,,153
3557,826,,26
3558,826,,403
3559,833,,113
3560,826,,137
3561,96,,858
3562,96,,2081
3563,826,,462
3564,894,20,260
3564,879,30,600
3564,895,30,390
3564,747,60,360
3564,893,5,95
3565,752,50,650
3565,879,30,600
3566,752,50,650
3566,879,30,600
3567,795,156,4329
3567,549,289,7227
3567,510,156,4212
3567,586,306,8769
3567,709,224,4256
3568,696,679,18095
3569,889,18,306
3569,864,18,126
3569,886,18,216
3569,890,18,54
3569,891,18,108
3569,892,18,198
3569,775,2,4342
3569,784,,2600
3571,352,,99
3572,826,,288
3573,826,,269
3574,888,,3908
3575,711,,613
3576,833,,62
3577,826,,123
3578,826,,162
3579,96,,1309
3580,96,,1456
3581,352,,20
3582,833,,62
3583,826,,8
3583,758,,1
3584,826,,126
3585,758,,133
3586,758,,425
3587,833,,164
3588,826,,429
3589,758,,4367
3590,792,,4534
3591,758,,354
3592,352,,35
3593,826,,13
3594,826,,352
3595,758,,253
3596,833,,114
3597,826,,206
3598,774,,3087
3599,758,,533
3600,776,240,7680
3601,96,,1651
3602,96,,1115
3603,711,,313
3604,826,,301
3605,776,,1744
3606,758,,1014
3607,352,,44
3608,96,,304
3609,826,,28
3610,352,,32
3611,826,,195
3612,96,,148
3613,758,,188
3614,826,,3483
3615,352,,92
3616,711,,746
3617,96,,1704
3618,96,,872
3619,826,,69
3620,826,,364
3621,774,,3087
3622,352,,27
3623,826,,190
3624,826,,73
3625,758,,410
3626,352,,11
3627,792,,3325
3627,791,,381
3628,96,,771
3629,96,,1889
3630,720,255,6122
3630,523,195,5265
3630,518,138,3865
3630,700,404,10706
3631,352,,289
3632,96,,13997
3634,543,148,4145
3635,758,,857
3636,352,,417
3637,826,,81
3638,758,,452
3639,758,,350
3640,826,,38
3641,352,,1351
3642,96,,961
3643,96,,2079
3644,758,,658
3645,96,,2934
3646,96,,1304
3647,711,,774
3649,900,,323
3650,869,,1365
3651,352,,37
3652,826,,168
3653,758,,727
3654,826,,1800
3655,758,,1200
3656,96,,314
3657,352,,72
3658,352,,160
3659,96,,100
3660,96,,240
3661,721,180,5761
3661,519,165,4455
3661,707,119,7261
3661,514,136,5845
3661,522,227,8401
3661,720,255,6122
3662,901,551,14877
3663,352,,2171
3664,776,,2464
3665,777,125,5000
3666,758,,529
3667,96,,31
3668,352,,56
3669,96,,40
3670,352,,42
3671,96,,55
3672,900,,576
3673,711,,471
3674,96,,2230
3675,96,,710
3676,352,,287
3677,900,,7
3678,352,,267
3679,737,,541
3680,711,,704
3681,96,,1944
3682,96,,903
3683,900,,381
3684,352,,729
3685,96,,469
3686,352,,311
3687,352,,58
3688,96,,32
3689,96,,82
3690,96,,27
3691,758,,374
3692,96,,1678
3693,96,,914
3694,900,,558
3695,352,,351
3696,352,,302
3697,711,,487
3698,352,,1782
3699,352,,98
3700,352,,210
3701,352,,37
3702,96,,31
3703,352,,186
3704,352,,93
3706,737,,612
3707,96,,3497
3708,96,,790
3709,737,,1292
3710,352,,167
3711,711,,759
3712,352,,265
3713,96,,2240
3714,96,,2248
3715,352,,319
3716,96,,15
3717,352,,657
3718,900,,79
3719,776,,9824
3720,352,,291
3721,96,,612
3722,352,,22
3723,352,,248
3724,352,,523
3725,352,,188
3726,352,,46
3727,352,,139
3728,352,,169
3729,352,,115
3730,352,,92
3731,352,,38
3732,352,,158
3733,774,,2426
3734,902,156,156
3734,529,260,7537
3734,523,165,4455
3734,549,289,7227
3734,510,156,4512
3734,511,165,4413
3734,586,306,8769
3735,826,,2865
3735,96,,648
3736,96,,1065
3737,96,,2233
3738,784,36,900
3739,352,,200
3740,96,,1110
3741,900,,209
3742,96,,425
3743,711,,126
3744,96,,79
3745,96,,407
3746,352,,7
3747,352,,31
3748,352,,93
3750,669,208,5821
3750,720,261,6266
3750,519,220,5940
3750,521,418,15971
3750,686,208,5682
3750,702,367,15781
3750,513,68,2917
3750,547,208,5826
3752,904,25,375
3753,711,,671
3754,96,,4371
3755,352,,22
3756,96,,2222
3757,352,,56
3758,352,,1512
3759,352,,161
3760,352,,12
3761,352,,455
3762,352,,41
3763,900,,556
3764,711,,102
3765,352,,217
3766,352,,71
3767,96,,18
3768,352,,34
3769,352,,121
3770,352,,25
3771,96,,133
3772,352,,63
3773,96,,668
3774,711,,225
3775,826,,72
3776,352,,173
3777,96,,416
3778,900,,60
3779,352,,16
3780,507,73,1912
3780,832,141,3891
3780,499,50,960
3780,701,13,543
3780,492,13,358
3780,569,13,351
3780,493,13,351
3780,494,26,712
3780,588,26,676
3780,690,26,702
3780,812,26,702
3780,537,25,600
3780,502,50,750
3780,497,23,589
3780,565,24,614
3780,556,40,764
3780,531,43,722
3780,496,150,1254
3780,554,75,582
3780,688,43,825
3780,583,16,475
3781,352,,312
3782,777,232,9280
3783,777,97,3880
3784,752,100,1300
3784,879,50,1000
3784,747,65,396
3785,792,,2765
3785,791,,2034
3786,96,,1328.5
3787,96,,1741.5
3788,352,,93
3789,96,,843
3790,711,,418
3791,96,,516
3792,352,,789
3793,352,,292
3794,900,,49
3795,96,,3054
3796,352,,1371
3797,517,169,4563
3797,514,139,5974
3797,613,214,3595
3797,586,313,8970
3797,700,414,10971
3798,96,,46
3799,96,,1129
3800,711,,325
3801,352,,375
3802,96,,1067
3803,900,,313
3804,352,,37
3805,900,,9
3806,352,,319
3807,96,,9
3808,96,,44
3809,96,,1144
3810,96,,815
3811,96,,1573
3812,96,,8955
3813,777,162,6480
3814,798,110,2101
3814,516,237,5927
3814,519,3078,114
3814,522,232,8586
3814,508,418,6688
3815,96,,89
3817,96,,2020
3818,756,,45
3819,96,,640
3820,96,,34
3821,711,,233
3822,352,,267
3823,352,,144
3824,900,,330
3825,96,,103
3826,96,,10
3827,96,,155
3828,96,,60
3829,826,,6
3830,711,,448
3831,96,,1502
3832,96,,587
3833,352,,287
3834,352,,18
3835,900,,248
3836,96,,75
3837,352,,459
3838,96,,32
3839,775,,500
3840,777,120,4800
3840,683,119,4760
3841,96,,475
3842,96,,1894
3843,747,50,330
3844,777,45,1800
3845,96,,8228
3846,96,,4351
3847,96,,1129
3848,711,,740
3849,352,,340
3850,96,,17
3851,352,,56
3852,96,,323
3853,96,,22
3854,352,,1129
3855,96,,69
3856,96,,18
3857,900,,142
3858,775,,703
3860,775,,500
3861,752,30,390
3861,879,15,300
3861,747,21,126
3861,96,21,294
3862,683,140,5600
3863,826,,293
3864,669,208,5821
3864,529,260,7537
3864,720,261,6266
3864,915,99,2573
3864,685,418,15971
3864,519,220,5940
3864,686,208,5882
3864,761,326,17115
3864,914,207,2951
3864,547,208,5826
3864,548,220,5832
3865,683,56,2240
3865,684,88,4400
3866,770,,324
3867,683,153,6645
3868,770,35,500
3869,791,,2288
3869,792,,2500
3870,352,,134
3871,96,,101
3872,711,,65
3873,96,,559
3874,776,,4
3875,96,,104
3876,756,,17
3877,916,,399
3878,507,75,1965
3878,832,75,2070
3878,499,21,403
3878,600,13,559
3878,492,13,357
3878,535,13,357
3878,569,26,702
3878,541,13,341
3878,493,8,216
3878,532,25,675
3878,494,25,685
3878,533,25,647
3878,595,25,675
3878,690,25,675
3878,812,25,675
3878,659,25,641
3878,601,25,625
3878,502,23,356
3878,497,25,640
3878,565,24,628
3878,556,47,897
3878,531,31,520
3878,538,9,544
3878,505,13,546
3878,496,148,5624
3878,554,74,2871
3878,658,42,806
3878,583,25,694
3879,514,139,5974
3879,508,602,9331
3879,707,122,7444
3879,549,296,7402
3879,678,301,4400
3880,96,,19
3881,919,652,7824
3882,683,215,8600
3882,734,107,2140
3883,775,,500
3884,718,34,1360
3885,352,,480
3886,96,,514
3887,711,,1020
3888,900,,510
3889,96,,3884
3890,96,,24
3891,96,,116
3892,96,,20
3893,96,,55
3894,826,,12
3895,776,,7129
3896,352,,18
3897,919,,9128
3898,826,,73
3900,96,,725
3901,96,,1788
3902,96,,4385
3903,517,169,4563
3903,703,77,2040
3903,761,223,11707
3903,548,165,4374
3904,917,145,6686
3904,683,247,9880
3904,687,110,2750
3905,826,,16
3906,756,,285
3907,352,,1409
3908,96,,3790
3909,916,,347
3910,352,,362
3911,711,,319
3912,352,,101
3913,758,,2034
3914,96,,2494
3915,96,,12
3916,352,,218
3917,900,,367
3918,352,,25
3919,96,,635
3920,96,,75
3921,96,,64
3922,833,,27
3923,826,,5
3924,826,,4976
3925,916,,30
3926,96,,1229
3927,352,,91
3928,711,,83
3929,756,,2150
3930,96,,6
3931,826,,77
3932,826,,80
3933,826,,44
3934,96,,768
3935,96,,1761
3936,752,50,650
3936,747,27,189
3937,791,,2178
3937,792,,3549
3938,776,360,11520
3939,669,208,5821
3939,529,260,7537
3939,519,165,4455
3939,521,383,14634
3939,686,208,5682
3939,597,435,6525
3939,547,208,5826
3939,548,165,4374
3940,826,,223
3941,826,,790
3942,774,,1831
3943,711,,256
3944,826,,170
3945,776,,11520
3946,352,,154
3947,96,,993
3948,96,,2887
3949,756,,4500
3950,756,,848
3951,597,20,300
3951,548,10,265
3951,529,10,290
3951,521,30,1140
3951,519,10,270
3951,669,10,260
3951,683,12,480
3952,826,,406
3953,96,,1840
3954,96,,931
3955,826,,287
3956,352,,15
3957,352,,67
3958,711,,210
3959,826,,180
3960,96,,12
3961,916,,285
3962,826,,464
3963,756,,49
3964,826,,296
3965,826,,23
3966,96,,475
3967,96,,233
3968,826,,41
3969,352,,81
3970,826,,235
3971,711,,107
3972,826,,116
3973,96,,36
3974,96,,299
3975,775,,500
3976,826,,28
3977,826,,264
3978,826,,51
3979,774,108,2592
3980,826,,34
3981,833,,17
3982,96,,1463
3983,352,,207
3984,96,,3624
3985,826,,796
3986,826,,266
3987,711,,283
3988,900,,216
3989,352,,123
3990,826,,63
3991,900,,315
3992,826,,148
3994,917,111,4218
3994,721,99,2376
3994,683,204,8160
3995,517,165,4455
3995,669,156,4366
3995,613,240,4032
3995,707,143,8723
3995,549,347,8678
3995,510,156,4212
3995,586,357,10231
3995,719,173,4236
3995,720,245,5882
3996,826,,269
3997,836,,2780
3998,568,68,2652
3998,506,68,2624
3998,500,50,738
3998,688,43,825
3998,583,25,694
3998,537,25,600
3998,497,25,641
3998,565,25,655
3998,556,50,865
3998,538,9,545
3998,505,13,546
3998,554,66,2561
3998,507,75,1965
3998,832,150,4140
3998,499,50,960
3998,701,13,543
3998,492,12,330
3998,569,24,648
3998,541,24,631
3998,493,12,324
3998,532,25,675
3998,495,25,675
3998,494,25,657
3998,533,25,647
3998,690,25,675
3998,812,25,675
3999,826,,4200
3999,792,,1526
4000,791,,2254
4000,792,,5191
4000,783,1,1
4001,96,,309
4002,826,,2055
4003,711,,268
4004,96,,1012
4005,96,,707
4006,826,,109
4007,776,,3530
4008,352,,25
4009,826,,40
4010,352,,204
4011,352,,91
4012,900,,1060
4013,96,,549
4014,826,,105
4015,893,75,1425
4015,752,50,650
4016,826,,416
4017,826,,81
4018,826,,84
4019,826,,194
4020,826,,95
4021,826,,2343
4022,826,,29
4023,826,,255
4024,96,,3945
4025,96,,1669
4026,826,,4293
4027,711,,400
4028,826,,363
4029,916,,200
4030,96,,843
4031,826,,71
4033,352,,49
4034,352,,178
4035,826,,134
4036,826,,12
4037,826,,61
4038,826,,60
4039,808,,126
4040,826,,84
4041,96,,381
4042,826,,84
4043,96,,2011
4044,96,,774
4045,514,170,7306
4045,795,156,4329
4045,685,279,10660
4045,508,294,4557
4045,597,435,6525
4046,927,,2524
4046,826,,5250
4047,917,5,190
4048,826,,113
4049,826,,541
4050,826,,180
4051,758,,350
4052,900,,773
4053,826,,1728
4054,96,,1303
4055,96,,2388
4056,711,,210
4057,826,,417
4058,96,,6
4059,826,,28
4060,826,,43
4061,352,,145
4062,808,,46
4063,774,,2645
4064,752,40,520
4064,791,60,840
4065,752,75,975
4066,96,,6273
4067,96,,1770.5
4068,96,,737
4069,776,,10442
4070,826,,1066
4070,808,,128
4071,711,,774
4072,826,,12993
4073,826,,584
4074,96,,4790
4075,96,,2317
4076,96,,201
4077,352,,224
4078,833,,1782
4079,778,,38
4080,352,,599
4081,96,,296
4085,848,,169
4085,797,,170
4085,96,,169
4086,669,61,1735
4086,930,369,4428
4086,720,255,6122
4086,707,60,3600
4086,549,69,1750
4087,352,,38315
4088,96,,2416
4089,96,,976.5
4090,932,228,5925
4090,521,488,18646
4090,597,340,5100
4090,795,156,3572
4090,510,156,4212
4090,514,170,7306
4090,700,441,12436
4090,519,165,4455
4091,96,,4967
4092,826,,716
4093,352,,149
4094,96,,99
4095,711,,64
4096,96,,700
4097,96,,12
4098,352,,780
4099,96,,10370
4100,96,,2969
4101,826,,795
4102,711,,552
4103,352,,184
4104,96,,628
4105,774,,1120
4106,352,,200
4107,352,,95
4108,352,,278
4109,808,,30
4110,900,,417
4111,96,,206
4112,96,,252
4113,352,,113
4114,96,,1544
4115,352,,255
4116,352,,178
4117,711,,111
4118,352,,1205
4119,96,,20
4120,96,,1717
4121,96,,539
4122,826,,28
4123,96,,123
4124,96,,142
4125,352,,78
4126,711,,266
4127,352,,119
4128,796,,1870
4129,96,,293
4130,96,,999
4131,96,,2242
4132,777,304,12160
4133,96,175,2395
4134,96,,85
4135,900,,118
4136,516,153,3286
4136,586,357,10231
4136,707,142,8664
4136,934,274,4740
4136,685,447,17079
4137,777,134,5360
4137,734,27,1215
4138,96,,6330
4139,96,,4628
4140,96,,1675
4141,711,,444
4142,352,,586
4143,931,1844,16596
4144,931,362,3258
4145,737,,2996
4146,352,,512
4147,352,,109
4148,352,,1788
4149,352,,121
4150,352,,180
4151,352,,162
4152,352,,183
4153,352,,156
4154,933,,149
4155,808,,90
4156,352,,33
4158,352,,183
4159,352,,458
4160,352,,134
4161,96,,10551
4162,96,,2516
4163,96,,1084
4164,352,,1900
4165,720,261,6266
4165,798,139,2654
4165,700,104,2932
4165,548,133,3525
4166,777,302,12080
4166,718,32,1280
4167,770,49,651
4168,96,,8605
4169,96,,1503
4170,900,,309
4171,711,,517
4172,352,,192
4173,352,,23
4174,96,,48
4175,808,,250
4176,352,,117
4177,352,,463
4178,96,,511
4179,352,,141
4180,352,,64
4181,96,,132
4182,96,,193
4183,847,,750
4184,917,49,2450
4185,784,,1057
4186,352,,35
4187,514,114,4899
4187,508,301,4665
4187,523,165,4455
4187,584,165,4413
4187,511,165,4413
4188,96,,2629
4189,96,,932
4190,770,139,1502
4191,770,181,1949
4192,777,150,6000
4193,96,,1488
4194,507,60,1572
4194,832,125,3450
4194,499,41,902
4194,701,12,501
4194,492,12,330
4194,569,21,567
4194,493,20,540
4194,532,24,642
4194,494,23,621
4194,533,14,378
4194,588,14,364
4194,690,23,621
4194,659,17,408
4194,537,20,480
4194,502,22,330
4194,497,22,563
4194,799,14,336
4195,96,,3848
4196,96,,755
4197,711,,222
4198,352,,87
4199,96,,29
4200,352,,28
4201,556,44,761
4201,538,8,488
4201,555,12,462
4201,496,72,1621
4201,554,72,2736
4201,571,70,2660
4201,500,40,590
4201,688,34,652
4202,352,,582
4203,777,420,16800
4204,775,,950
4205,775,,500
4207,770,178,2945
4208,96,,4534
4209,96,,921
4210,352,,190
4211,352,,37
4212,711,,308
4213,96,,11
4214,808,,84
4215,352,,158
4216,96,,54
4217,96,,289
4218,711,,138
4219,96,,1987
4220,96,,960
4221,711,,88
4222,935,,1255
4223,352,,27
4224,352,,391
4225,774,,910
4226,916,,9
4227,96,,42
4228,96,,26
4229,96,,2262
4230,352,,68
4231,352,,117
4232,549,355,8946
4232,598,500,19105
4232,597,311,4585
4232,707,146,9054
4233,96,,1411.5
4234,96,,829
4235,752,50,650
4235,933,50,650
4236,791,,3143
4236,792,,1508
4237,777,47,1880
4237,917,29,1479
4238,711,,376
4239,96,,3996
4240,96,,1128
4241,352,,479
4242,96,,91
4243,352,,83
4244,96,,41
4245,352,,840
4246,352,,78
4247,946,,489
4248,946,,29
4249,808,,171
4250,711,,159
4251,777,,12040
4252,776,,5171
4253,792,,5038
4253,791,,2128
4254,711,,201
4256,96,,1065
4257,96,,1918
4258,96,,2301
4259,96,,1283
4260,352,,385
4261,96,,427
4262,711,,233
4263,352,,104
4264,352,,115
4265,808,,119
4266,96,,7
4268,940,15,285
4268,957,100,500
4268,898,10,240
4270,958,80,1600
4270,884,36,972
4270,758,36,1008
4270,775,35,1400
4272,777,179,7160
4272,917,38,1900
4273,774,138,1380
4274,720,261,6266
4275,758,,88
4276,96,,1539
4278,96,,607
4279,96,,327
4280,711,,218
4281,711,,201
4282,352,,44
4283,352,,31
4284,352,,422
4285,96,,12
4286,850,,450
4287,757,,35
4288,96,,272.67
4289,808,,199
4290,96,,2114
4291,96,,15
4292,352,,816
4293,711,,64
4294,96,,424
4295,96,,104
4296,352,,184
4297,774,,322
4298,352,,157
4299,711,,94
4300,352,,38
4301,96,,240
4302,352,,240
4303,96,,78
4304,776,,11400
4305,770,85,1275
4306,917,50,2500
4306,734,62,1240
4307,791,,1580
4307,792,,2401
4308,598,500,19000
4309,96,,2383.5
4310,96,,834
4312,721,356,10680
4313,776,120,4701
4314,756,,5850
4315,826,,5
4316,96,,30
4317,96,,44
4318,96,,1375
4319,96,,924
4320,711,,174
4321,826,,78
4322,352,,155
4323,352,,8954
4324,352,,40
4325,352,,173
4326,96,,87
4327,959,,4942
4328,352,,40
4329,711,,44
4330,96,,1148
4331,96,,2316
4332,96,,14
4333,826,,59
4334,960,,1908
4335,808,,361
4336,776,,401
4337,776,,6
4338,826,,25
4339,352,,93
4340,826,,21
4341,96,,17
4342,914,722,10295
4342,695,361,9025
4343,687,177,4425
4344,96,,2668
4345,775,,1676
4345,96,,1748
4346,96,135,1795
4347,935,,870
4348,96,,59
4349,826,,3
4350,96,,423
4351,826,,21
4352,808,,188
4353,96,,852
4354,711,,73
4355,826,,568
4356,352,,1086
4357,96,,1702
4358,96,,1494
4359,826,,44
4360,352,,149
4361,711,,213
4362,826,,13
4363,826,,49
4364,96,,54
4366,96,,8464
4367,826,,123
4368,96,,1758
4369,96,,325
4370,826,,213
4371,96,,1972
4372,352,,122
4373,711,,152
4374,826,,3
4375,808,,89
4376,352,,40
4377,826,,6
4378,96,,160
4379,826,,2
4380,96,,1923
4381,96,,1086
4382,826,,62
4383,352,,97
4384,826,,181
4385,778,,39
4386,833,,229
4387,935,,232
4388,847,2,100
4388,896,3,150
4389,96,,3427
4390,826,,1495
4390,96,,650
4391,758,,896
4392,96,,3524
4393,711,,388
4394,826,,378
4395,826,,3
4396,96,,3162
4397,96,,3188
4398,833,,3956
4399,826,,200
4400,352,,102
4401,826,,202
4402,808,,70
4403,352,,54
4404,352,,515
4405,96,,45
4406,521,16,611
4406,685,214,8176
4406,772,417,15928
4406,616,167,4692
4407,507,70,1824
4407,832,117,3229
4407,499,24,528
4407,701,12,501
4407,492,9,243
4407,569,11,297
4407,541,23,632
4407,493,23,621
4407,532,22,588
4407,494,23,621
4407,533,25,675
4407,588,11,294
4407,690,24,648
4407,812,22,587
4407,537,25,600
4407,502,47,728
4407,497,22,563
4407,565,24,613
4407,556,41,783
4407,531,34,485
4407,538,9,563
4407,555,12,504
4407,496,71,2698
4407,568,68,2652
4407,506,1,38
4407,500,49,722
4407,583,22,247
4408,756,,1356
4409,352,,18
4410,96,,1180
4411,826,,600
4412,826,,326
4413,826,,30
4414,352,,45
4415,711,,147
4416,96,,843
4417,808,,50
4418,826,,40
4419,352,,411
4422,826,,35
4423,826,,1142
4424,352,,22
4425,96,,693
4426,96,,936
4427,826,,13
4428,826,,11
4429,711,,126
4430,826,,76
4431,826,,138
4432,808,,65
4433,96,,1248
4434,96,,479
4435,826,,1344
4436,847,2,100
4437,790,,2461
4437,792,,4453
4437,791,,2906
4438,879,50,450
4439,96,,791
4440,96,,2247
4441,758,,276
4442,826,,209
4443,711,,213
4444,96,,1087
4445,96,,3111
4446,826,,2229
4447,352,,143
4448,826,,93
4449,352,,64
4450,96,,153
4451,778,,29
4452,826,,136
4453,826,,114
4454,826,,62
4455,826,,2374
4456,711,,264
4457,96,,1961
4458,96,,2044
4459,826,,185
4460,826,,149
4461,352,,132
4462,808,,120
4463,776,,2647
4464,826,,87
4465,833,,404
4466,96,,18
4467,833,,459
4468,826,,271
4469,774,,3384
4470,352,,191
4471,826,,16
4472,352,,40
4473,826,,143
4474,510,320,8640
4474,508,301,4665
4474,677,334,4342
4474,707,146,7155
4474,584,165,4413
4474,511,165,4413
4474,523,165,4455
4476,758,,100
4477,96,,2482
4478,96,,2583
4479,925,,310
4480,925,,4446
4481,826,,206
4481,775,,990
4482,352,,72
4483,826,,32
4484,711,,258
4485,925,,134
4486,758,,114
4487,756,,240
4488,826,,44
4489,808,,36
4490,352,,18
4491,826,,63
4492,96,,884.25
4493,96,,1926
4494,826,,5964
4495,752,75,975
4496,96,,261
4497,521,380,14519
4497,517,169,4563
4498,720,261,6266
4499,711,,313
4500,925,,2734
4501,352,,65
4502,96,,2626
4503,826,,16
4504,826,,57
4505,925,,499
4506,925,,119
4507,352,,99
4508,756,,134
4509,826,,483
4510,826,,152
4511,96,,117
4512,826,,18
4513,758,,150
4514,808,,100
4515,826,,73
4516,833,,98
4517,96,,3034
4518,96,,144
4519,96,,25
4521,96,1,264.9
4522,945,,172
4523,96,,258
4524,925,,186
4525,96,,439
4526,808,,91
4527,96,,203
4528,925,,12
4529,826,,95
4530,96,,641
4531,711,,70
4532,925,,168
4533,925,,61
4534,925,,3
4535,925,,36
4536,925,,552
4537,96,,526
4538,96,,769
4539,96,,75
4540,925,,66
4541,711,,46
4542,925,,138
4543,96,,396
4544,96,,255
4545,925,,44
4546,925,,40
4547,96,,8
4548,96,,3
4549,925,,2266
4550,96,,82
4551,96,,176
4552,96,,8
4553,96,,53
4554,711,,54
4555,925,,234
4556,925,,30
4557,96,,59
4558,850,,100
4559,96,,65
4560,925,,373
4561,711,,67
4562,96,,658
4563,96,,24
4564,96,,337
4565,96,,119
4566,808,,114
4567,96,,25
4568,96,,7
4569,711,,52
4570,96,,250
4571,925,,39
4572,925,,174
4573,925,,172
4574,96,,219
4575,96,,287
4576,925,,42
4577,96,,7
4578,711,,146
4579,925,,800
4580,96,,58
4581,96,,349
4582,925,,50
4583,96,,130
4584,925,,119
4585,96,,166
4586,96,,324
4587,711,,59
4588,925,,144
4589,925,,86
4590,925,,42
4591,96,,18
4592,925,,180
4593,96,,668
4594,96,,563
4595,96,,77
4596,96,,78
4597,925,,27
4598,96,,371
4599,96,,352
4600,925,,158
4601,925,,66
4602,925,,69
4603,808,,97
4604,96,,220
4606,925,,118
4608,96,,1010
4610,711,,28
4611,96,,288
4612,96,,613
4613,96,,8
4614,925,,198
4615,96,,83
4616,96,,1045
4617,711,,64
4618,96,,49
4619,96,,537
4621,96,,152
4622,925,,26
4623,96,,360
4624,925,,138
4626,925,,13812
4627,925,,1708
4628,925,,20
4629,925,,1333
4630,96,,313
4631,925,,194
4632,96,,17
4633,96,,1845
4634,925,,1613
4635,96,,573
4636,711,,132
4637,96,,489
4638,808,,143
4639,96,,416
4640,96,,266
4641,925,,472
4642,96,,593
4643,96,,463
4644,808,,38
4645,711,,166
4646,925,,10
4647,96,,302
4648,96,,1041
4649,96,,28
4650,925,,56
4651,925,,19
4652,96,,313
4653,96,,317
4655,96,,8
4656,96,,849
4657,96,,636
4658,96,,385
4659,711,,158
4661,96,,58
4662,96,,35665
4663,96,,62
4664,96,,14
4665,96,,868
4666,96,,401
4667,96,,59
4668,96,,79
4669,96,,603
4670,96,,1072
4671,96,,114
4672,96,,349
4673,96,,20
4674,96,,272
4675,96,,100
4676,96,,258
4677,96,,806
4678,96,,7
4679,96,,47
4680,96,,1839
4681,96,,145
4682,711,,199
4683,96,,184
4684,96,,138
4685,96,,616
4686,96,,219
4687,96,,702
4688,96,,850
4689,96,,31
4690,711,,76
4691,96,,108
4692,96,,1730
4693,96,,544
4694,96,,365
4695,96,,212
4696,96,,71
4697,96,,135
4698,96,,11
4699,925,,1432
4700,925,,1198
4701,925,,164
4702,925,,180
4703,96,,199
